org_row,route_id,direction_id,date,stop_id,on_time_rate,schedule_waiting_time,actual_waiting_time,excess_waiting_time
19416,58,0,20210917,1425,0.13043478260869565,"[5.288359788359788, 5.161224489795918]","[4.819961768290766, 6.400687762618358]","[-0.46839802006902165, 1.23946327282244]"
19417,58,0,20210907,2920,0.5439560439560439,[],[],[]
19417,58,0,20210908,2920,0.5659340659340659,[],[],[]
19417,58,0,20210909,2920,0.5769230769230769,[],[],[]
19417,58,0,20210910,2920,0.510989010989011,[],[],[]
19417,58,0,20210913,2920,0.6043956043956044,[],[],[]
19417,58,0,20210914,2920,0.521978021978022,[],[],[]
19417,58,0,20210915,2920,0.6153846153846154,[],[],[]
19417,58,0,20210916,2920,0.6666666666666666,"[5.305785123966942, 5.161224489795918]","[5.426744415619622, 7.329907560328589]","[0.12095929165267982, 2.168683070532671]"
19417,58,0,20210917,2920,0.35555555555555557,"[5.305785123966942, 5.161224489795918]","[5.769667906397612, 7.124159338797297]","[0.4638827824306704, 1.9629348490013783]"
19418,58,0,20210907,1273,0.5439560439560439,[],[],[]
19418,58,0,20210908,1273,0.532967032967033,[],[],[]
19418,58,0,20210909,1273,0.5659340659340659,[],[],[]
19418,58,0,20210910,1273,0.489010989010989,[],[],[]
19418,58,0,20210913,1273,0.5384615384615384,[],[],[]
19418,58,0,20210914,1273,0.521978021978022,[],[],[]
19418,58,0,20210915,1273,0.5384615384615384,[],[],[]
19418,58,0,20210916,1273,0.6,"[5.305382231404959, 5.162012854519486]","[5.363206025171824, 6.315056796545645]","[0.05782379376686464, 1.1530439420261587]"
19418,58,0,20210917,1273,0.37777777777777777,"[5.305382231404959, 5.162012854519486]","[7.471936966800199, 8.507839667947039]","[2.1665547353952403, 3.3458268134275526]"
19419,58,0,20210907,1270B,0.5274725274725275,[],[],[]
19419,58,0,20210908,1270B,0.4230769230769231,[],[],[]
19419,58,0,20210909,1270B,0.521978021978022,[],[],[]
19419,58,0,20210910,1270B,0.44505494505494503,[],[],[]
19419,58,0,20210913,1270B,0.489010989010989,[],[],[]
19419,58,0,20210914,1270B,0.510989010989011,[],[],[]
19419,58,0,20210915,1270B,0.45054945054945056,[],[],[]
19419,58,0,20210916,1270B,0.5333333333333333,"[5.301652892561983, 5.178861788617886]","[5.4979319207259625, 5.706384070188053]","[0.19627902816397924, 0.5275222815701666]"
19419,58,0,20210917,1270B,0.3333333333333333,"[5.301652892561983, 5.178861788617886]","[6.136971501230446, 8.072545694370442]","[0.8353186086684632, 2.893683905752556]"
19420,58,0,20210907,1271B,0.47802197802197804,[],[],[]
19420,58,0,20210908,1271B,0.3791208791208791,[],[],[]
19420,58,0,20210909,1271B,0.38461538461538464,[],[],[]
19420,58,0,20210910,1271B,0.4010989010989011,[],[],[]
19420,58,0,20210913,1271B,0.3791208791208791,[],[],[]
19420,58,0,20210914,1271B,0.4230769230769231,[],[],[]
19420,58,0,20210915,1271B,0.47802197802197804,[],[],[]
19420,58,0,20210916,1271B,0.35714285714285715,"[5.323115126991747, 5.28345547675335]","[6.1326623590533815, 6.601707790934937]","[0.8095472320616341, 1.3182523141815876]"
19420,58,0,20210917,1271B,0.23809523809523808,"[5.323115126991747, 5.28345547675335]","[5.786561770075173, 8.851935971760078]","[0.46344664308342587, 3.568480495006728]"
19421,58,0,20210907,3921,0.29120879120879123,[],[],[]
19421,58,0,20210908,3921,0.3021978021978022,[],[],[]
19421,58,0,20210909,3921,0.3241758241758242,[],[],[]
19421,58,0,20210910,3921,0.2692307692307692,[],[],[]
19421,58,0,20210913,3921,0.29120879120879123,[],[],[]
19421,58,0,20210914,3921,0.2692307692307692,[],[],[]
19421,58,0,20210915,3921,0.24175824175824176,[],[],[]
19421,58,0,20210916,3921,0.3191489361702128,"[5.325870646766169, 5.155430711610487]","[5.94782043021715, 7.23505848134466]","[0.6219497834509813, 2.0796277697341727]"
19421,58,0,20210917,3921,0.23404255319148937,"[5.325870646766169, 5.155430711610487]","[6.935279146720363, 6.380529634579594]","[1.6094084999541947, 1.2250989229691074]"
19422,58,0,20210907,1880,0.3021978021978022,[],[],[]
19422,58,0,20210908,1880,0.26373626373626374,[],[],[]
19422,58,0,20210909,1880,0.3021978021978022,[],[],[]
19422,58,0,20210910,1880,0.22527472527472528,[],[],[]
19422,58,0,20210913,1880,0.3021978021978022,[],[],[]
19422,58,0,20210914,1880,0.3241758241758242,[],[],[]
19422,58,0,20210915,1880,0.3241758241758242,[],[],[]
19422,58,0,20210916,1880,0.38,"[5.325098136783326, 5.1745885497257]","[5.313197007938497, 6.389316864537877]","[-0.011901128844828968, 1.2147283148121772]"
19422,58,0,20210917,1880,0.2,"[5.325098136783326, 5.1745885497257]","[6.815427962087897, 7.477144084970775]","[1.4903298253045714, 2.3025555352450757]"
19423,58,0,20210907,1881,0.34615384615384615,[],[],[]
19423,58,0,20210908,1881,0.3131868131868132,[],[],[]
19423,58,0,20210909,1881,0.27472527472527475,[],[],[]
19423,58,0,20210910,1881,0.2802197802197802,[],[],[]
19423,58,0,20210913,1881,0.2967032967032967,[],[],[]
19423,58,0,20210914,1881,0.3076923076923077,[],[],[]
19423,58,0,20210915,1881,0.24725274725274726,[],[],[]
19423,58,0,20210916,1881,0.34,"[5.30592976755811, 5.190748945147679]","[5.712194379572256, 6.383801976408532]","[0.4062646120141453, 1.1930530312608525]"
19423,58,0,20210917,1881,0.2,"[5.30592976755811, 5.190748945147679]","[5.874422029518499, 7.8757517886138375]","[0.5684922619603885, 2.685002843466158]"
19424,58,0,20210907,1910,0.31868131868131866,[],[],[]
19424,58,0,20210908,1910,0.2967032967032967,[],[],[]
19424,58,0,20210909,1910,0.3021978021978022,[],[],[]
19424,58,0,20210910,1910,0.2692307692307692,[],[],[]
19424,58,0,20210913,1910,0.2967032967032967,[],[],[]
19424,58,0,20210914,1910,0.3021978021978022,[],[],[]
19424,58,0,20210915,1910,0.25824175824175827,[],[],[]
19424,58,0,20210916,1910,0.24,"[5.30561850802644, 5.20829013729336]","[5.985266994565388, 7.468720454827407]","[0.6796484865389472, 2.2604303175340474]"
19424,58,0,20210917,1910,0.18,"[5.30561850802644, 5.20829013729336]","[5.900410808723188, 8.891984123884503]","[0.5947923006967475, 3.6836939865911438]"
19425,58,0,20210907,3122,0.27472527472527475,[],[],[]
19425,58,0,20210908,3122,0.2802197802197802,[],[],[]
19425,58,0,20210909,3122,0.2967032967032967,[],[],[]
19425,58,0,20210910,3122,0.2692307692307692,[],[],[]
19425,58,0,20210913,3122,0.25274725274725274,[],[],[]
19425,58,0,20210914,3122,0.3021978021978022,[],[],[]
19425,58,0,20210915,3122,0.2087912087912088,[],[],[]
19425,58,0,20210916,3122,0.22,"[5.305, 5.218487394957983]","[5.253292835763003, 7.493701500101279]","[-0.05170716423699684, 2.275214105143296]"
19425,58,0,20210917,3122,0.1,"[5.305, 5.218487394957983]","[8.076078666529229, 7.305040152854242]","[2.7710786665292293, 2.086552757896259]"
19426,58,0,20210907,1903,0.24725274725274726,[],[],[]
19426,58,0,20210908,1903,0.24725274725274726,[],[],[]
19426,58,0,20210909,1903,0.2032967032967033,[],[],[]
19426,58,0,20210910,1903,0.2032967032967033,[],[],[]
19426,58,0,20210913,1903,0.29120879120879123,[],[],[]
19426,58,0,20210914,1903,0.2802197802197802,[],[],[]
19426,58,0,20210915,1903,0.1978021978021978,[],[],[]
19426,58,0,20210916,1903,0.26,"[5.2848593318261745, 5.235410127641766]","[5.240499684214557, 7.834740856313801]","[-0.0443596476116177, 2.599330728672035]"
19426,58,0,20210917,1903,0.1,"[5.2848593318261745, 5.235410127641766]","[5.874052884801888, 9.195027865554449]","[0.5891935529757131, 3.9596177379126827]"
19427,58,0,20210907,1912,0.24725274725274726,[],[],[]
19427,58,0,20210908,1912,0.24175824175824176,[],[],[]
19427,58,0,20210909,1912,0.1978021978021978,[],[],[]
19427,58,0,20210910,1912,0.2032967032967033,[],[],[]
19427,58,0,20210913,1912,0.23626373626373626,[],[],[]
19427,58,0,20210914,1912,0.25274725274725274,[],[],[]
19427,58,0,20210915,1912,0.1978021978021978,[],[],[]
19427,58,0,20210916,1912,0.14,"[5.28391959798995, 5.2364016736401675]","[5.742108539663464, 7.573120303213595]","[0.4581889416735141, 2.3367186295734275]"
19427,58,0,20210917,1912,0.1,"[5.28391959798995, 5.2364016736401675]","[6.766361188163709, 8.315164126567629]","[1.4824415901737593, 3.078762452927461]"
19428,58,0,20210907,4705,0.21978021978021978,[],[],[]
19428,58,0,20210908,4705,0.26373626373626374,[],[],[]
19428,58,0,20210909,4705,0.2692307692307692,[],[],[]
19428,58,0,20210910,4705,0.23076923076923078,[],[],[]
19428,58,0,20210913,4705,0.25824175824175827,[],[],[]
19428,58,0,20210914,4705,0.24175824175824176,[],[],[]
19428,58,0,20210915,4705,0.1978021978021978,[],[],[]
19428,58,0,20210916,4705,0.32558139534883723,"[5.28391959798995, 5.538911613321063]","[5.810477442178276, 7.910715296254545]","[0.5265578441883259, 2.371803682933482]"
19428,58,0,20210917,4705,0.13953488372093023,"[5.28391959798995, 5.538911613321063]","[5.876657809230175, 9.477133516992675]","[0.5927382112402251, 3.9382219036716117]"
19429,58,0,20210907,6408,0.24175824175824176,[],[],[]
19429,58,0,20210908,6408,0.2692307692307692,[],[],[]
19429,58,0,20210909,6408,0.24175824175824176,[],[],[]
19429,58,0,20210910,6408,0.2087912087912088,[],[],[]
19429,58,0,20210913,6408,0.22527472527472528,[],[],[]
19429,58,0,20210914,6408,0.24725274725274726,[],[],[]
19429,58,0,20210915,6408,0.15384615384615385,[],[],[]
19429,58,0,20210916,6408,0.20930232558139536,"[5.28391959798995, 5.537949137519601]","[5.366465510458851, 10.780457441926727]","[0.08254591246890097, 5.242508304407125]"
19429,58,0,20210917,6408,0.046511627906976744,"[5.28391959798995, 5.537949137519601]","[7.695005949005444, 10.98873909170668]","[2.411086351015494, 5.450789954187079]"
19430,58,0,20210907,2122,0.24175824175824176,[],[],[]
19430,58,0,20210908,2122,0.23626373626373626,[],[],[]
19430,58,0,20210909,2122,0.21428571428571427,[],[],[]
19430,58,0,20210910,2122,0.1813186813186813,[],[],[]
19430,58,0,20210913,2122,0.22527472527472528,[],[],[]
19430,58,0,20210914,2122,0.22527472527472528,[],[],[]
19430,58,0,20210915,2122,0.19230769230769232,[],[],[]
19430,58,0,20210916,2122,0.16279069767441862,"[5.28391959798995, 5.512307692307692]","[5.372252346188271, 7.687459603682913]","[0.08833274819832138, 2.175151911375221]"
19430,58,0,20210917,2122,0.16279069767441862,"[5.28391959798995, 5.512307692307692]","[5.4577145210185, 8.390677142943412]","[0.1737949230285496, 2.87836945063572]"
19431,58,0,20210907,2846,0.19230769230769232,[],[],[]
19431,58,0,20210908,2846,0.3131868131868132,[],[],[]
19431,58,0,20210909,2846,0.23076923076923078,[],[],[]
19431,58,0,20210910,2846,0.21428571428571427,[],[],[]
19431,58,0,20210913,2846,0.17582417582417584,[],[],[]
19431,58,0,20210914,2846,0.21978021978021978,[],[],[]
19431,58,0,20210915,2846,0.16483516483516483,[],[],[]
19431,58,0,20210916,2846,0.18604651162790697,"[5.28391959798995, 5.496259430727023]","[5.23899543299596, 7.2951988350863655]","[-0.04492416499398999, 1.7989394043593423]"
19431,58,0,20210917,2846,0.16279069767441862,"[5.28391959798995, 5.496259430727023]","[6.612964675548963, 8.73749426812673]","[1.3290450775590132, 3.2412348373997064]"
19432,58,0,20210907,2123,0.25824175824175827,[],[],[]
19432,58,0,20210908,2123,0.26373626373626374,[],[],[]
19432,58,0,20210909,2123,0.24725274725274726,[],[],[]
19432,58,0,20210910,2123,0.18681318681318682,[],[],[]
19432,58,0,20210913,2123,0.17582417582417584,[],[],[]
19432,58,0,20210914,2123,0.2692307692307692,[],[],[]
19432,58,0,20210915,2123,0.15384615384615385,[],[],[]
19432,58,0,20210916,2123,0.18604651162790697,"[5.28391959798995, 5.472666219516391]","[5.290454887045185, 6.787675867571733]","[0.0065352890552352605, 1.3150096480553417]"
19432,58,0,20210917,2123,0.11627906976744186,"[5.28391959798995, 5.472666219516391]","[7.1505549024493344, 8.340725688709853]","[1.8666353044593844, 2.8680594691934616]"
19433,58,0,20210907,2124,0.21428571428571427,[],[],[]
19433,58,0,20210908,2124,0.2032967032967033,[],[],[]
19433,58,0,20210909,2124,0.17582417582417584,[],[],[]
19433,58,0,20210910,2124,0.14285714285714285,[],[],[]
19433,58,0,20210913,2124,0.16483516483516483,[],[],[]
19433,58,0,20210914,2124,0.19230769230769232,[],[],[]
19433,58,0,20210915,2124,0.12087912087912088,[],[],[]
19433,58,0,20210916,2124,0.20930232558139536,"[5.28391959798995, 5.4679156344618765]","[6.879824351574742, 7.274559192462541]","[1.595904753584792, 1.8066435580006646]"
19433,58,0,20210917,2124,0.06976744186046512,"[5.28391959798995, 5.4679156344618765]","[7.334871991339794, 10.88817203993494]","[2.050952393349844, 5.420256405473063]"
19434,58,0,20210907,2125,0.13736263736263737,[],[],[]
19434,58,0,20210908,2125,0.2692307692307692,[],[],[]
19434,58,0,20210909,2125,0.2032967032967033,[],[],[]
19434,58,0,20210910,2125,0.1978021978021978,[],[],[]
19434,58,0,20210913,2125,0.24175824175824176,[],[],[]
19434,58,0,20210914,2125,0.25824175824175827,[],[],[]
19434,58,0,20210915,2125,0.18681318681318682,[],[],[]
19434,58,0,20210916,2125,0.20930232558139536,"[5.28391959798995, 5.450135013889609]","[7.585242641651529, 8.32224422015827]","[2.3013230436615792, 2.872109206268661]"
19434,58,0,20210917,2125,0.09302325581395349,"[5.28391959798995, 5.450135013889609]","[7.533274595242949, 9.381166821038766]","[2.2493549972529987, 3.9310318071491572]"
19435,58,0,20210907,1251,0.15384615384615385,[],[],[]
19435,58,0,20210908,1251,0.25274725274725274,[],[],[]
19435,58,0,20210909,1251,0.2032967032967033,[],[],[]
19435,58,0,20210910,1251,0.17582417582417584,[],[],[]
19435,58,0,20210913,1251,0.1978021978021978,[],[],[]
19435,58,0,20210914,1251,0.22527472527472528,[],[],[]
19435,58,0,20210915,1251,0.13186813186813187,[],[],[]
19435,58,0,20210916,1251,0.3157894736842105,"[5.28391959798995, 5.560052219321149]","[6.01009704937688, 8.648164664080156]","[0.7261774513869304, 3.088112444759007]"
19435,58,0,20210917,1251,0.10526315789473684,"[5.28391959798995, 5.560052219321149]","[6.993571393123217, 7.982415661996004]","[1.7096517951332668, 2.4223634426748557]"
19436,58,0,20210907,4856B,0.17032967032967034,[],[],[]
19436,58,0,20210908,4856B,0.19230769230769232,[],[],[]
19436,58,0,20210909,4856B,0.12087912087912088,[],[],[]
19436,58,0,20210910,4856B,0.13186813186813187,[],[],[]
19436,58,0,20210913,4856B,0.14835164835164835,[],[],[]
19436,58,0,20210914,4856B,0.27472527472527475,[],[],[]
19436,58,0,20210915,4856B,0.14285714285714285,[],[],[]
19436,58,0,20210916,4856B,0.225,"[5.262711864406779, 5.544502617801047]","[5.37978885123028, 9.705713203874573]","[0.1170769868235002, 4.161210586073526]"
19436,58,0,20210917,4856B,0.125,"[5.262711864406779, 5.544502617801047]","[7.096941154349982, 9.574572295539973]","[1.8342292899432024, 4.0300696777389255]"
19437,58,0,20210907,4853,0.21978021978021978,[],[],[]
19437,58,0,20210908,4853,0.17582417582417584,[],[],[]
19437,58,0,20210909,4853,0.13736263736263737,[],[],[]
19437,58,0,20210910,4853,0.21978021978021978,[],[],[]
19437,58,0,20210913,4853,0.1813186813186813,[],[],[]
19437,58,0,20210914,4853,0.24175824175824176,[],[],[]
19437,58,0,20210915,4853,0.13736263736263737,[],[],[]
19437,58,0,20210916,4853,0.21739130434782608,"[5.466386554621849, 5.553726328649969]","[7.548988921580173, 8.216248224108652]","[2.082602366958324, 2.662521895458683]"
19437,58,0,20210917,4853,0.08695652173913043,"[5.466386554621849, 5.553726328649969]","[6.528128432632187, 9.827822995283915]","[1.0617418780103378, 4.274096666633946]"
19438,58,0,20210907,6931B,0.24725274725274726,[],[],[]
19438,58,0,20210908,6931B,0.21428571428571427,[],[],[]
19438,58,0,20210909,6931B,0.17032967032967034,[],[],[]
19438,58,0,20210910,6931B,0.2087912087912088,[],[],[]
19438,58,0,20210913,6931B,0.2087912087912088,[],[],[]
19438,58,0,20210914,6931B,0.2032967032967033,[],[],[]
19438,58,0,20210915,6931B,0.16483516483516483,[],[],[]
19438,58,0,20210916,6931B,0.17391304347826086,"[5.466386554621849, 5.544336424478369]","[6.328794392322087, 8.949391173924056]","[0.8624078377002382, 3.4050547494456866]"
19438,58,0,20210917,6931B,0.15217391304347827,"[5.466386554621849, 5.544336424478369]","[5.63789284092976, 7.929565553492663]","[0.17150628630791154, 2.3852291290142933]"
19439,58,0,20210907,1652,0.18446601941747573,[],[],[]
19439,58,0,20210908,1652,0.22815533980582525,[],[],[]
19439,58,0,20210909,1652,0.2087378640776699,[],[],[]
19439,58,0,20210910,1652,0.17475728155339806,[],[],[]
19439,58,0,20210913,1652,0.19902912621359223,[],[],[]
19439,58,0,20210914,1652,0.22330097087378642,[],[],[]
19439,58,0,20210915,1652,0.17475728155339806,[],[],[]
19439,58,0,20210916,1652,0.2894736842105263,"[5.888888888888889, 5.264179104477612]","[8.115000186585652, 9.836096930577547]","[2.2261112976967627, 4.571917826099935]"
19439,58,0,20210917,1652,0.07894736842105263,"[5.888888888888889, 5.264179104477612]","[7.876138776454948, 10.458914286689312]","[1.9872498875660591, 5.1947351822117005]"
19440,58,0,20210907,1736,0.18932038834951456,[],[],[]
19440,58,0,20210908,1736,0.20388349514563106,[],[],[]
19440,58,0,20210909,1736,0.16990291262135923,[],[],[]
19440,58,0,20210910,1736,0.14563106796116504,[],[],[]
19440,58,0,20210913,1736,0.18932038834951456,[],[],[]
19440,58,0,20210914,1736,0.25728155339805825,[],[],[]
19440,58,0,20210915,1736,0.14563106796116504,[],[],[]
19440,58,0,20210916,1736,0.26666666666666666,"[5.919225014961102, 5.476094224142365]","[8.059590953018084, 9.480617404333742]","[2.1403659380569824, 4.004523180191377]"
19440,58,0,20210917,1736,0.13333333333333333,"[5.919225014961102, 5.476094224142365]","[9.296100069867963, 7.917094691441093]","[3.3768750549068614, 2.4410004672987284]"
19441,58,0,20210907,1737,0.18446601941747573,[],[],[]
19441,58,0,20210908,1737,0.22815533980582525,[],[],[]
19441,58,0,20210909,1737,0.16019417475728157,[],[],[]
19441,58,0,20210910,1737,0.15048543689320387,[],[],[]
19441,58,0,20210913,1737,0.16019417475728157,[],[],[]
19441,58,0,20210914,1737,0.22815533980582525,[],[],[]
19441,58,0,20210915,1737,0.11650485436893204,[],[],[]
19441,58,0,20210916,1737,0.16666666666666666,"[5.904956623118336, 5.498555076480854]","[7.21120271335552, 9.447743082523067]","[1.3062460902371837, 3.9491880060422124]"
19441,58,0,20210917,1737,0.1,"[5.904956623118336, 5.498555076480854]","[8.659964855768816, 9.5815193191749]","[2.7550082326504803, 4.082964242694046]"
19442,58,0,20210907,2769,0.18446601941747573,[],[],[]
19442,58,0,20210908,2769,0.21844660194174756,[],[],[]
19442,58,0,20210909,2769,0.1407766990291262,[],[],[]
19442,58,0,20210910,2769,0.1262135922330097,[],[],[]
19442,58,0,20210913,2769,0.16990291262135923,[],[],[]
19442,58,0,20210914,2769,0.24757281553398058,[],[],[]
19442,58,0,20210915,2769,0.16990291262135923,[],[],[]
19442,58,0,20210916,2769,0.16666666666666666,"[5.935540083089706, 5.485671296296297]","[7.819732303274491, 10.044410598301518]","[1.8841922201847847, 4.558739302005221]"
19442,58,0,20210917,2769,0.06666666666666667,"[5.935540083089706, 5.485671296296297]","[8.106989842029115, 8.125392519531252]","[2.171449758939409, 2.6397212232349547]"
19443,58,0,20210907,2770,0.21844660194174756,[],[],[]
19443,58,0,20210908,2770,0.18446601941747573,[],[],[]
19443,58,0,20210909,2770,0.1553398058252427,[],[],[]
19443,58,0,20210910,2770,0.15048543689320387,[],[],[]
19443,58,0,20210913,2770,0.17475728155339806,[],[],[]
19443,58,0,20210914,2770,0.23300970873786409,[],[],[]
19443,58,0,20210915,2770,0.13592233009708737,[],[],[]
19443,58,0,20210916,2770,0.2,"[5.95047098847745, 5.479320511336599]","[7.485896714162776, 9.354906070355609]","[1.535425725685326, 3.87558555901901]"
19443,58,0,20210917,2770,0.1,"[5.95047098847745, 5.479320511336599]","[7.1769011084753584, 10.183278223339354]","[1.2264301199979082, 4.7039577120027545]"
19444,58,0,20210907,2771,0.1650485436893204,[],[],[]
19444,58,0,20210908,2771,0.20388349514563106,[],[],[]
19444,58,0,20210909,2771,0.16019417475728157,[],[],[]
19444,58,0,20210910,2771,0.09223300970873786,[],[],[]
19444,58,0,20210913,2771,0.1553398058252427,[],[],[]
19444,58,0,20210914,2771,0.1941747572815534,[],[],[]
19444,58,0,20210915,2771,0.13592233009708737,[],[],[]
19444,58,0,20210916,2771,0.26666666666666666,"[5.9461113390430285, 5.472742592377786]","[7.323630195740415, 8.490944325904724]","[1.3775188566973862, 3.018201733526938]"
19444,58,0,20210917,2771,0.1,"[5.9461113390430285, 5.472742592377786]","[10.04659902144463, 8.24039852280652]","[4.100487682401601, 2.7676559304287345]"
19445,58,0,20210907,1949,0.22330097087378642,[],[],[]
19445,58,0,20210908,1949,0.2621359223300971,[],[],[]
19445,58,0,20210909,1949,0.1941747572815534,[],[],[]
19445,58,0,20210910,1949,0.13592233009708737,[],[],[]
19445,58,0,20210913,1949,0.22815533980582525,[],[],[]
19445,58,0,20210914,1949,0.21359223300970873,[],[],[]
19445,58,0,20210915,1949,0.16019417475728157,[],[],[]
19445,58,0,20210916,1949,0.26666666666666666,"[5.946887447219516, 5.472679993813318]","[7.6279262953399085, 8.329135845975816]","[1.6810388481203926, 2.8564558521624983]"
19445,58,0,20210917,1949,0.16666666666666666,"[5.946887447219516, 5.472679993813318]","[7.53512839659574, 8.404279610755042]","[1.5882409493762237, 2.9315996169417238]"
19446,58,0,20210907,1962,0.18932038834951456,[],[],[]
19446,58,0,20210908,1962,0.23786407766990292,[],[],[]
19446,58,0,20210909,1962,0.11650485436893204,[],[],[]
19446,58,0,20210910,1962,0.12135922330097088,[],[],[]
19446,58,0,20210913,1962,0.17475728155339806,[],[],[]
19446,58,0,20210914,1962,0.2087378640776699,[],[],[]
19446,58,0,20210915,1962,0.0825242718446602,[],[],[]
19446,58,0,20210916,1962,0.23333333333333334,"[5.967692307692308, 5.476798143851508]","[10.200541111581005, 9.327436192249191]","[4.2328488038886976, 3.850638048397683]"
19446,58,0,20210917,1962,0.03333333333333333,"[5.967692307692308, 5.476798143851508]","[9.83601073012142, 12.247797780898834]","[3.8683184224291116, 6.770999637047326]"
19447,58,1,20210907,2701,0.6019417475728155,[],[],[]
19447,58,1,20210908,2701,0.5679611650485437,[],[],[]
19447,58,1,20210909,2701,0.6844660194174758,[],[],[]
19447,58,1,20210910,2701,0.6699029126213593,[],[],[]
19447,58,1,20210913,2701,0.5631067961165048,[],[],[]
19447,58,1,20210914,2701,0.6601941747572816,[],[],[]
19447,58,1,20210915,2701,0.6941747572815534,[],[],[]
19447,58,1,20210916,2701,0.6153846153846154,"[5.7948328267477205, 4.9874371859296485]","[1.8170925490515708, 3.8378976288999564]","[-3.9777402776961495, -1.149539557029692]"
19447,58,1,20210917,2701,0.5769230769230769,"[5.7948328267477205, 4.9874371859296485]","[2.035139631467466, 3.1582177482054963]","[-3.7596931952802546, -1.8292194377241522]"
19448,58,1,20210907,1929,0.5825242718446602,[],[],[]
19448,58,1,20210908,1929,0.6310679611650486,[],[],[]
19448,58,1,20210909,1929,0.5436893203883495,[],[],[]
19448,58,1,20210910,1929,0.5242718446601942,[],[],[]
19448,58,1,20210913,1929,0.49514563106796117,[],[],[]
19448,58,1,20210914,1929,0.5436893203883495,[],[],[]
19448,58,1,20210915,1929,0.5825242718446602,[],[],[]
19448,58,1,20210916,1929,0.75,"[5.794440082400419, 4.9874371859296485]","[6.041602536757519, 9.108934157689038]","[0.24716245435709983, 4.12149697175939]"
19448,58,1,20210917,1929,0.4230769230769231,"[5.794440082400419, 4.9874371859296485]","[8.066341368334513, 5.649531422301814]","[2.271901285934094, 0.6620942363721651]"
19449,58,1,20210907,2702,0.5145631067961165,[],[],[]
19449,58,1,20210908,2702,0.529126213592233,[],[],[]
19449,58,1,20210909,2702,0.4174757281553398,[],[],[]
19449,58,1,20210910,2702,0.46116504854368934,[],[],[]
19449,58,1,20210913,2702,0.4029126213592233,[],[],[]
19449,58,1,20210914,2702,0.4223300970873786,[],[],[]
19449,58,1,20210915,2702,0.4174757281553398,[],[],[]
19449,58,1,20210916,2702,0.4807692307692308,"[5.781258840169731, 4.988448603086884]","[8.070818880046877, 9.519819339851454]","[2.289560039877146, 4.531370736764569]"
19449,58,1,20210917,2702,0.3076923076923077,"[5.781258840169731, 4.988448603086884]","[6.970856444265337, 6.935738921806671]","[1.1895976040956056, 1.9472903187197863]"
19450,58,1,20210907,2703,0.7524271844660194,[],[],[]
19450,58,1,20210908,2703,0.7184466019417476,[],[],[]
19450,58,1,20210909,2703,0.6796116504854369,[],[],[]
19450,58,1,20210910,2703,0.6844660194174758,[],[],[]
19450,58,1,20210913,2703,0.7135922330097088,[],[],[]
19450,58,1,20210914,2703,0.7184466019417476,[],[],[]
19450,58,1,20210915,2703,0.7572815533980582,[],[],[]
19450,58,1,20210916,2703,0.8076923076923077,"[5.781956404281903, 5.008680642382819]","[1.8520004278027957, 3.793839817475662]","[-3.9299559764791074, -1.214840824907157]"
19450,58,1,20210917,2703,0.5384615384615384,"[5.781956404281903, 5.008680642382819]","[1.8510637489842345, 2.5322641490854085]","[-3.9308926552976686, -2.4764164932974104]"
19451,58,1,20210907,2704,0.6067961165048543,[],[],[]
19451,58,1,20210908,2704,0.5,[],[],[]
19451,58,1,20210909,2704,0.4077669902912621,[],[],[]
19451,58,1,20210910,2704,0.4563106796116505,[],[],[]
19451,58,1,20210913,2704,0.44660194174757284,[],[],[]
19451,58,1,20210914,2704,0.49029126213592233,[],[],[]
19451,58,1,20210915,2704,0.47572815533980584,[],[],[]
19451,58,1,20210916,2704,0.7115384615384616,"[5.7702166278323705, 5.009351473733922]","[6.496098229117432, 9.731668135247542]","[0.7258816012850611, 4.72231666151362]"
19451,58,1,20210917,2704,0.36538461538461536,"[5.7702166278323705, 5.009351473733922]","[8.049598345106764, 6.365981207368171]","[2.2793817172743935, 1.3566297336342492]"
19452,58,1,20210907,2705,0.441747572815534,[],[],[]
19452,58,1,20210908,2705,0.41262135922330095,[],[],[]
19452,58,1,20210909,2705,0.32038834951456313,[],[],[]
19452,58,1,20210910,2705,0.3883495145631068,[],[],[]
19452,58,1,20210913,2705,0.3932038834951456,[],[],[]
19452,58,1,20210914,2705,0.470873786407767,[],[],[]
19452,58,1,20210915,2705,0.34951456310679613,[],[],[]
19452,58,1,20210916,2705,0.5576923076923077,"[5.771821227733442, 5.009762500000001]","[7.863314409991097, 9.885193641060836]","[2.091493182257655, 4.875431141060835]"
19452,58,1,20210917,2705,0.3269230769230769,"[5.771821227733442, 5.009762500000001]","[10.090886313771394, 11.715833983422385]","[4.319065086037952, 6.7060714834223845]"
19453,58,1,20210907,1738,0.4563106796116505,[],[],[]
19453,58,1,20210908,1738,0.4320388349514563,[],[],[]
19453,58,1,20210909,1738,0.4368932038834951,[],[],[]
19453,58,1,20210910,1738,0.38349514563106796,[],[],[]
19453,58,1,20210913,1738,0.36893203883495146,[],[],[]
19453,58,1,20210914,1738,0.4077669902912621,[],[],[]
19453,58,1,20210915,1738,0.4029126213592233,[],[],[]
19453,58,1,20210916,1738,0.7307692307692307,"[5.768503552547394, 5.010512136866078]","[7.0317580821734, 8.92051312710865]","[1.2632545296260052, 3.9100009902425725]"
19453,58,1,20210917,1738,0.40384615384615385,"[5.768503552547394, 5.010512136866078]","[9.168838024583073, 8.35262068185929]","[3.400334472035678, 3.342108544993213]"
19454,58,1,20210907,1739,0.441747572815534,[],[],[]
19454,58,1,20210908,1739,0.41262135922330095,[],[],[]
19454,58,1,20210909,1739,0.3640776699029126,[],[],[]
19454,58,1,20210910,1739,0.39805825242718446,[],[],[]
19454,58,1,20210913,1739,0.4077669902912621,[],[],[]
19454,58,1,20210914,1739,0.3737864077669903,[],[],[]
19454,58,1,20210915,1739,0.32038834951456313,[],[],[]
19454,58,1,20210916,1739,0.5192307692307693,"[5.752276103654934, 5.031927053100035]","[5.9873453873744795, 8.799250692417075]","[0.23506928371954583, 3.7673236393170404]"
19454,58,1,20210917,1739,0.28846153846153844,"[5.752276103654934, 5.031927053100035]","[6.690592328212267, 6.299111202350633]","[0.9383162245573331, 1.267184149250598]"
19455,58,1,20210907,1653,0.4223300970873786,[],[],[]
19455,58,1,20210908,1653,0.42718446601941745,[],[],[]
19455,58,1,20210909,1653,0.28640776699029125,[],[],[]
19455,58,1,20210910,1653,0.34951456310679613,[],[],[]
19455,58,1,20210913,1653,0.4223300970873786,[],[],[]
19455,58,1,20210914,1653,0.36893203883495146,[],[],[]
19455,58,1,20210915,1653,0.3640776699029126,[],[],[]
19455,58,1,20210916,1653,0.6153846153846154,"[5.751515151515152, 5.032338308457711]","[7.02956845776732, 7.268952701327491]","[1.2780533062521684, 2.2366143928697797]"
19455,58,1,20210917,1653,0.3269230769230769,"[5.751515151515152, 5.032338308457711]","[6.7367873711782895, 5.846538040252926]","[0.9852722196631376, 0.814199731795215]"
19456,58,1,20210907,6956B,0.26519337016574585,[],[],[]
19456,58,1,20210908,6956B,0.24861878453038674,[],[],[]
19456,58,1,20210909,6956B,0.20441988950276244,[],[],[]
19456,58,1,20210910,6956B,0.1878453038674033,[],[],[]
19456,58,1,20210913,6956B,0.2541436464088398,[],[],[]
19456,58,1,20210914,6956B,0.16574585635359115,[],[],[]
19456,58,1,20210915,6956B,0.2541436464088398,[],[],[]
19456,58,1,20210916,6956B,0.3230769230769231,"[6.054216867469879, 5.032338308457711]","[6.863021327248229, 6.966046704071036]","[0.8088044597783499, 1.9337083956133245]"
19456,58,1,20210917,6956B,0.18461538461538463,"[6.054216867469879, 5.032338308457711]","[9.020101672785469, 8.39031394373865]","[2.9658848053155893, 3.3579756352809396]"
19457,58,1,20210907,4804B,0.2596685082872928,[],[],[]
19457,58,1,20210908,4804B,0.2983425414364641,[],[],[]
19457,58,1,20210909,4804B,0.2154696132596685,[],[],[]
19457,58,1,20210910,4804B,0.2541436464088398,[],[],[]
19457,58,1,20210913,4804B,0.292817679558011,[],[],[]
19457,58,1,20210914,4804B,0.17679558011049723,[],[],[]
19457,58,1,20210915,4804B,0.2596685082872928,[],[],[]
19457,58,1,20210916,4804B,0.4,"[6.054216867469879, 5.032338308457711]","[6.588481197130872, 8.992710742085892]","[0.534264329660993, 3.960372433628181]"
19457,58,1,20210917,4804B,0.23076923076923078,"[6.054216867469879, 5.032338308457711]","[13.420396698400355, 8.589576457992454]","[7.366179830930475, 3.5572381495347427]"
19458,58,1,20210907,4857B,0.2596685082872928,[],[],[]
19458,58,1,20210908,4857B,0.39779005524861877,[],[],[]
19458,58,1,20210909,4857B,0.287292817679558,[],[],[]
19458,58,1,20210910,4857B,0.26519337016574585,[],[],[]
19458,58,1,20210913,4857B,0.292817679558011,[],[],[]
19458,58,1,20210914,4857B,0.24861878453038674,[],[],[]
19458,58,1,20210915,4857B,0.3812154696132597,[],[],[]
19458,58,1,20210916,4857B,0.3076923076923077,"[6.054216867469879, 5.032338308457711]","[5.838112335164124, 7.9416438738699835]","[-0.21610453230575555, 2.9093055654122724]"
19458,58,1,20210917,4857B,0.3076923076923077,"[6.054216867469879, 5.032338308457711]","[7.206652836557534, 9.84090613214928]","[1.152435969087655, 4.808567823691569]"
19459,58,1,20210907,1250,0.35911602209944754,[],[],[]
19459,58,1,20210908,1250,0.3867403314917127,[],[],[]
19459,58,1,20210909,1250,0.287292817679558,[],[],[]
19459,58,1,20210910,1250,0.3314917127071823,[],[],[]
19459,58,1,20210913,1250,0.3259668508287293,[],[],[]
19459,58,1,20210914,1250,0.22099447513812154,[],[],[]
19459,58,1,20210915,1250,0.30939226519337015,[],[],[]
19459,58,1,20210916,1250,0.4,"[6.054216867469879, 5.032338308457711]","[5.892456776137341, 7.862586889388418]","[-0.1617600913325381, 2.830248580930707]"
19459,58,1,20210917,1250,0.3384615384615385,"[6.054216867469879, 5.032338308457711]","[5.906431461878782, 8.045735390791451]","[-0.14778540559109743, 3.01339708233374]"
19460,58,1,20210907,2131,0.24861878453038674,[],[],[]
19460,58,1,20210908,2131,0.3259668508287293,[],[],[]
19460,58,1,20210909,2131,0.27071823204419887,[],[],[]
19460,58,1,20210910,2131,0.2154696132596685,[],[],[]
19460,58,1,20210913,2131,0.24861878453038674,[],[],[]
19460,58,1,20210914,2131,0.2154696132596685,[],[],[]
19460,58,1,20210915,2131,0.26519337016574585,[],[],[]
19460,58,1,20210916,2131,0.3333333333333333,"[5.94641213105876, 5.102946078718054]","[6.304002827671889, 9.670842517589538]","[0.35759069661312903, 4.567896438871484]"
19460,58,1,20210917,2131,0.24561403508771928,"[5.94641213105876, 5.102946078718054]","[13.235572169087245, 9.675872113789767]","[7.289160038028485, 4.572926035071713]"
19461,58,1,20210907,2132,0.287292817679558,[],[],[]
19461,58,1,20210908,2132,0.30386740331491713,[],[],[]
19461,58,1,20210909,2132,0.24861878453038674,[],[],[]
19461,58,1,20210910,2132,0.2265193370165746,[],[],[]
19461,58,1,20210913,2132,0.281767955801105,[],[],[]
19461,58,1,20210914,2132,0.2983425414364641,[],[],[]
19461,58,1,20210915,2132,0.24861878453038674,[],[],[]
19461,58,1,20210916,2132,0.3157894736842105,"[6.05022766840766, 5.102707919054859]","[8.384041674944227, 9.504063630206586]","[2.3338140065365662, 4.4013557111517265]"
19461,58,1,20210917,2132,0.2982456140350877,"[6.05022766840766, 5.102707919054859]","[5.885521320106984, 13.965648884293682]","[-0.1647063483006761, 8.862940965238822]"
19462,58,1,20210907,2133,0.3701657458563536,[],[],[]
19462,58,1,20210908,2133,0.30939226519337015,[],[],[]
19462,58,1,20210909,2133,0.22099447513812154,[],[],[]
19462,58,1,20210910,2133,0.22099447513812154,[],[],[]
19462,58,1,20210913,2133,0.32044198895027626,[],[],[]
19462,58,1,20210914,2133,0.3370165745856354,[],[],[]
19462,58,1,20210915,2133,0.3259668508287293,[],[],[]
19462,58,1,20210916,2133,0.42105263157894735,"[6.0482368896925855, 5.084918632398389]","[5.894133089577575, 6.694817382940182]","[-0.1541038001150108, 1.6098987505417934]"
19462,58,1,20210917,2133,0.24561403508771928,"[6.0482368896925855, 5.084918632398389]","[5.813491369153053, 8.289383250129134]","[-0.23474552053953257, 3.2044646177307454]"
19463,58,1,20210907,2847,0.281767955801105,[],[],[]
19463,58,1,20210908,2847,0.292817679558011,[],[],[]
19463,58,1,20210909,2847,0.20994475138121546,[],[],[]
19463,58,1,20210910,2847,0.20994475138121546,[],[],[]
19463,58,1,20210913,2847,0.2541436464088398,[],[],[]
19463,58,1,20210914,2847,0.287292817679558,[],[],[]
19463,58,1,20210915,2847,0.20994475138121546,[],[],[]
19463,58,1,20210916,2847,0.2982456140350877,"[5.940867371130529, 5.084738278270056]","[6.0670025627105115, 7.978330870084578]","[0.12613519157998265, 2.8935925918145227]"
19463,58,1,20210917,2847,0.2807017543859649,"[5.940867371130529, 5.084738278270056]","[8.412175340945115, 7.8549457029767185]","[2.4713079698145863, 2.770207424706663]"
19464,58,1,20210907,2134,0.2430939226519337,[],[],[]
19464,58,1,20210908,2134,0.26519337016574585,[],[],[]
19464,58,1,20210909,2134,0.2265193370165746,[],[],[]
19464,58,1,20210910,2134,0.20441988950276244,[],[],[]
19464,58,1,20210913,2134,0.2430939226519337,[],[],[]
19464,58,1,20210914,2134,0.27071823204419887,[],[],[]
19464,58,1,20210915,2134,0.1878453038674033,[],[],[]
19464,58,1,20210916,2134,0.2833333333333333,"[5.939024390243903, 5.0476190476190474]","[5.982279694805968, 6.735246684458218]","[0.04325530456206561, 1.6876276368391707]"
19464,58,1,20210917,2134,0.25,"[5.939024390243903, 5.0476190476190474]","[5.965256830290164, 9.710167856042904]","[0.02623244004626102, 4.662548808423857]"
19465,58,1,20210907,6406,0.2430939226519337,[],[],[]
19465,58,1,20210908,6406,0.292817679558011,[],[],[]
19465,58,1,20210909,6406,0.2154696132596685,[],[],[]
19465,58,1,20210910,6406,0.2154696132596685,[],[],[]
19465,58,1,20210913,6406,0.2596685082872928,[],[],[]
19465,58,1,20210914,6406,0.26519337016574585,[],[],[]
19465,58,1,20210915,6406,0.13259668508287292,[],[],[]
19465,58,1,20210916,6406,0.2857142857142857,[5.083814610478538],[6.892175508295669],[1.8083608978171304]
19465,58,1,20210917,6406,0.25396825396825395,[5.083814610478538],[7.239315102973971],[2.155500492495433]
19466,58,1,20210907,6453,0.30939226519337015,[],[],[]
19466,58,1,20210908,6453,0.2541436464088398,[],[],[]
19466,58,1,20210909,6453,0.2265193370165746,[],[],[]
19466,58,1,20210910,6453,0.15469613259668508,[],[],[]
19466,58,1,20210913,6453,0.20994475138121546,[],[],[]
19466,58,1,20210914,6453,0.2265193370165746,[],[],[]
19466,58,1,20210915,6453,0.13812154696132597,[],[],[]
19466,58,1,20210916,6453,0.2698412698412698,[5.065954147528756],[7.004005097750938],[1.9380509502221823]
19466,58,1,20210917,6453,0.2222222222222222,[5.065954147528756],[8.058896445499913],[2.9929422979711573]
19467,58,1,20210907,1976,0.26519337016574585,[],[],[]
19467,58,1,20210908,1976,0.2265193370165746,[],[],[]
19467,58,1,20210909,1976,0.16574585635359115,[],[],[]
19467,58,1,20210910,1976,0.2154696132596685,[],[],[]
19467,58,1,20210913,1976,0.2265193370165746,[],[],[]
19467,58,1,20210914,1976,0.22099447513812154,[],[],[]
19467,58,1,20210915,1976,0.12154696132596685,[],[],[]
19467,58,1,20210916,1976,0.20634920634920634,[5.065662112557172],[8.35022452588812],[3.2845624133309475]
19467,58,1,20210917,1976,0.1746031746031746,[5.065662112557172],[7.820545234993483],[2.7548831224363113]
19468,58,1,20210907,1977,0.2265193370165746,[],[],[]
19468,58,1,20210908,1977,0.20994475138121546,[],[],[]
19468,58,1,20210909,1977,0.23756906077348067,[],[],[]
19468,58,1,20210910,1977,0.20994475138121546,[],[],[]
19468,58,1,20210913,1977,0.143646408839779,[],[],[]
19468,58,1,20210914,1977,0.1878453038674033,[],[],[]
19468,58,1,20210915,1977,0.12154696132596685,[],[],[]
19468,58,1,20210916,1977,0.19047619047619047,[5.065371024734982],[8.423879122692446],[3.358508097957464]
19468,58,1,20210917,1977,0.1746031746031746,[5.065371024734982],[7.48766690351359],[2.422295878778608]
19469,58,1,20210907,1986,0.19889502762430938,[],[],[]
19469,58,1,20210908,1986,0.19337016574585636,[],[],[]
19469,58,1,20210909,1986,0.16574585635359115,[],[],[]
19469,58,1,20210910,1986,0.12154696132596685,[],[],[]
19469,58,1,20210913,1986,0.18232044198895028,[],[],[]
19469,58,1,20210914,1986,0.18232044198895028,[],[],[]
19469,58,1,20210915,1986,0.13259668508287292,[],[],[]
19469,58,1,20210916,1986,0.1746031746031746,[5.065371024734982],[7.7103588447506946],[2.6449878200157126]
19469,58,1,20210917,1986,0.1111111111111111,[5.065371024734982],[8.549876558484451],[3.484505533749469]
19470,58,1,20210907,6112,0.2541436464088398,[],[],[]
19470,58,1,20210908,6112,0.2154696132596685,[],[],[]
19470,58,1,20210909,6112,0.18232044198895028,[],[],[]
19470,58,1,20210910,6112,0.16022099447513813,[],[],[]
19470,58,1,20210913,6112,0.17679558011049723,[],[],[]
19470,58,1,20210914,6112,0.1712707182320442,[],[],[]
19470,58,1,20210915,6112,0.16022099447513813,[],[],[]
19470,58,1,20210916,6112,0.2222222222222222,[5.065371024734982],[8.128124272934086],[3.0627532481991038]
19470,58,1,20210917,6112,0.20634920634920634,[5.065371024734982],[9.1081715775577],[4.042800552822718]
19471,58,1,20210907,1980,0.19889502762430938,[],[],[]
19471,58,1,20210908,1980,0.23204419889502761,[],[],[]
19471,58,1,20210909,1980,0.17679558011049723,[],[],[]
19471,58,1,20210910,1980,0.18232044198895028,[],[],[]
19471,58,1,20210913,1980,0.19889502762430938,[],[],[]
19471,58,1,20210914,1980,0.2154696132596685,[],[],[]
19471,58,1,20210915,1980,0.14917127071823205,[],[],[]
19471,58,1,20210916,1980,0.15873015873015872,[5.065836375770424],[7.330832998530372],[2.2649966227599485]
19471,58,1,20210917,1980,0.20634920634920634,[5.065836375770424],[8.461035176743506],[3.3951988009730822]
19472,58,1,20210907,1884,0.2541436464088398,[],[],[]
19472,58,1,20210908,1884,0.20441988950276244,[],[],[]
19472,58,1,20210909,1884,0.20441988950276244,[],[],[]
19472,58,1,20210910,1884,0.20441988950276244,[],[],[]
19472,58,1,20210913,1884,0.2265193370165746,[],[],[]
19472,58,1,20210914,1884,0.23204419889502761,[],[],[]
19472,58,1,20210915,1884,0.16022099447513813,[],[],[]
19472,58,1,20210916,1884,0.1746031746031746,[5.080124141574221],[8.090692381290332],[3.01056823971611]
19472,58,1,20210917,1884,0.20634920634920634,[5.080124141574221],[8.834179797140974],[3.754055655566753]
19473,58,1,20210907,1883,0.2596685082872928,[],[],[]
19473,58,1,20210908,1883,0.19337016574585636,[],[],[]
19473,58,1,20210909,1883,0.14917127071823205,[],[],[]
19473,58,1,20210910,1883,0.19889502762430938,[],[],[]
19473,58,1,20210913,1883,0.18232044198895028,[],[],[]
19473,58,1,20210914,1883,0.23204419889502761,[],[],[]
19473,58,1,20210915,1883,0.12154696132596685,[],[],[]
19473,58,1,20210916,1883,0.14285714285714285,[5.080697713089578],[8.11087976947073],[3.0301820563811512]
19473,58,1,20210917,1883,0.15873015873015872,[5.080697713089578],[9.883476503697867],[4.802778790608289]
19474,58,1,20210907,3160,0.24861878453038674,[],[],[]
19474,58,1,20210908,3160,0.2265193370165746,[],[],[]
19474,58,1,20210909,3160,0.19889502762430938,[],[],[]
19474,58,1,20210910,3160,0.17679558011049723,[],[],[]
19474,58,1,20210913,3160,0.16574585635359115,[],[],[]
19474,58,1,20210914,3160,0.2430939226519337,[],[],[]
19474,58,1,20210915,3160,0.16022099447513813,[],[],[]
19474,58,1,20210916,3160,0.1746031746031746,[5.080985915492958],[9.013598880386175],[3.9326129648932167]
19474,58,1,20210917,3160,0.15873015873015872,[5.080985915492958],[8.729404488522125],[3.6484185730291667]
19475,58,1,20210907,3158B,0.23756906077348067,[],[],[]
19475,58,1,20210908,3158B,0.22099447513812154,[],[],[]
19475,58,1,20210909,3158B,0.13259668508287292,[],[],[]
19475,58,1,20210910,3158B,0.13259668508287292,[],[],[]
19475,58,1,20210913,3158B,0.1878453038674033,[],[],[]
19475,58,1,20210914,3158B,0.22099447513812154,[],[],[]
19475,58,1,20210915,3158B,0.1270718232044199,[],[],[]
19475,58,1,20210916,3158B,0.21428571428571427,"[5.588375365106504, 5.117638474388572]","[7.588920710562815, 8.366177748184915]","[2.0005453454563105, 3.248539273796343]"
19475,58,1,20210917,3158B,0.14285714285714285,"[5.588375365106504, 5.117638474388572]","[6.132036741713745, 10.7141841709984]","[0.5436613766072407, 5.596545696609828]"
19476,58,1,20210907,1416,0.20994475138121546,[],[],[]
19476,58,1,20210908,1416,0.20441988950276244,[],[],[]
19476,58,1,20210909,1416,0.13259668508287292,[],[],[]
19476,58,1,20210910,1416,0.13259668508287292,[],[],[]
19476,58,1,20210913,1416,0.20994475138121546,[],[],[]
19476,58,1,20210914,1416,0.17679558011049723,[],[],[]
19476,58,1,20210915,1416,0.10497237569060773,[],[],[]
19476,58,1,20210916,1416,0.17857142857142858,"[5.5165639195327705, 5.097292831723437]","[7.679537043542623, 7.5005281852232875]","[2.162973124009852, 2.4032353534998503]"
19476,58,1,20210917,1416,0.16071428571428573,"[5.5165639195327705, 5.097292831723437]","[6.264328005296398, 7.519113159781698]","[0.7477640857636274, 2.421820328058261]"
19477,58,1,20210907,1418B,0.2265193370165746,[],[],[]
19477,58,1,20210908,1418B,0.1712707182320442,[],[],[]
19477,58,1,20210909,1418B,0.17679558011049723,[],[],[]
19477,58,1,20210910,1418B,0.22099447513812154,[],[],[]
19477,58,1,20210913,1418B,0.1878453038674033,[],[],[]
19477,58,1,20210914,1418B,0.1712707182320442,[],[],[]
19477,58,1,20210915,1418B,0.08287292817679558,[],[],[]
19477,58,1,20210916,1418B,0.2682926829268293,"[5.146017699115045, 5.096610169491526]","[6.961891879448662, 7.622698388350942]","[1.8158741803336174, 2.5260882188594165]"
19477,58,1,20210917,1418B,0.17073170731707318,"[5.146017699115045, 5.096610169491526]","[7.474597698623358, 8.17191926941197]","[2.328579999508314, 3.075309099920445]"
19478,58,1,20210907,2068,0.07734806629834254,[],[],[]
19478,58,1,20210908,2068,0.06629834254143646,[],[],[]
19478,58,1,20210909,2068,0.03314917127071823,[],[],[]
19478,58,1,20210910,2068,0.09944751381215469,[],[],[]
19478,58,1,20210913,2068,0.07734806629834254,[],[],[]
19478,58,1,20210914,2068,0.10497237569060773,[],[],[]
19478,58,1,20210915,2068,0.055248618784530384,[],[],[]
19478,58,1,20210916,2068,0.0975609756097561,"[5.146017699115045, 5.096610169491526]","[11.286215031681472, 26.348705848042204]","[6.140197332566427, 21.252095678550678]"
19478,58,1,20210917,2068,0.0975609756097561,"[5.146017699115045, 5.096610169491526]","[29.113967287462476, 24.686476553598382]","[23.96794958834743, 19.589866384106855]"
19479,58,1,20210907,2108,0.08,[],[],[]
19479,58,1,20210908,2108,0.16,[],[],[]
19479,58,1,20210910,2108,0.12,[],[],[]
19479,58,1,20210913,2108,0.0,[],[],[]
19479,58,1,20210915,2108,0.08,[],[],[]
19479,58,1,20210916,2108,0.15384615384615385,[],[],[]
19480,58,0,20210907,1425,0.24277456647398843,[],[],[]
19480,58,0,20210908,1425,0.2023121387283237,[],[],[]
19480,58,0,20210909,1425,0.24855491329479767,[],[],[]
19480,58,0,20210910,1425,0.2138728323699422,[],[],[]
19480,58,0,20210913,1425,0.3236994219653179,[],[],[]
19480,58,0,20210914,1425,0.23121387283236994,[],[],[]
19480,58,0,20210915,1425,0.3179190751445087,[],[],[]
19481,58,0,20210907,2920,0.5439560439560439,[],[],[]
19481,58,0,20210908,2920,0.5659340659340659,[],[],[]
19481,58,0,20210909,2920,0.5769230769230769,[],[],[]
19481,58,0,20210910,2920,0.510989010989011,[],[],[]
19481,58,0,20210913,2920,0.6043956043956044,[],[],[]
19481,58,0,20210914,2920,0.521978021978022,[],[],[]
19481,58,0,20210915,2920,0.6153846153846154,[],[],[]
19482,58,0,20210907,1273,0.5439560439560439,[],[],[]
19482,58,0,20210908,1273,0.532967032967033,[],[],[]
19482,58,0,20210909,1273,0.5659340659340659,[],[],[]
19482,58,0,20210910,1273,0.489010989010989,[],[],[]
19482,58,0,20210913,1273,0.5384615384615384,[],[],[]
19482,58,0,20210914,1273,0.521978021978022,[],[],[]
19482,58,0,20210915,1273,0.5384615384615384,[],[],[]
19483,58,0,20210907,1270B,0.5274725274725275,[],[],[]
19483,58,0,20210908,1270B,0.4230769230769231,[],[],[]
19483,58,0,20210909,1270B,0.521978021978022,[],[],[]
19483,58,0,20210910,1270B,0.44505494505494503,[],[],[]
19483,58,0,20210913,1270B,0.489010989010989,[],[],[]
19483,58,0,20210914,1270B,0.510989010989011,[],[],[]
19483,58,0,20210915,1270B,0.45054945054945056,[],[],[]
19484,58,0,20210907,1271B,0.47802197802197804,[],[],[]
19484,58,0,20210908,1271B,0.3791208791208791,[],[],[]
19484,58,0,20210909,1271B,0.38461538461538464,[],[],[]
19484,58,0,20210910,1271B,0.4010989010989011,[],[],[]
19484,58,0,20210913,1271B,0.3791208791208791,[],[],[]
19484,58,0,20210914,1271B,0.4230769230769231,[],[],[]
19484,58,0,20210915,1271B,0.47802197802197804,[],[],[]
19485,58,0,20210907,3921,0.29120879120879123,[],[],[]
19485,58,0,20210908,3921,0.3021978021978022,[],[],[]
19485,58,0,20210909,3921,0.3241758241758242,[],[],[]
19485,58,0,20210910,3921,0.2692307692307692,[],[],[]
19485,58,0,20210913,3921,0.29120879120879123,[],[],[]
19485,58,0,20210914,3921,0.2692307692307692,[],[],[]
19485,58,0,20210915,3921,0.24175824175824176,[],[],[]
19486,58,0,20210907,1880,0.3021978021978022,[],[],[]
19486,58,0,20210908,1880,0.26373626373626374,[],[],[]
19486,58,0,20210909,1880,0.3021978021978022,[],[],[]
19486,58,0,20210910,1880,0.22527472527472528,[],[],[]
19486,58,0,20210913,1880,0.3021978021978022,[],[],[]
19486,58,0,20210914,1880,0.3241758241758242,[],[],[]
19486,58,0,20210915,1880,0.3241758241758242,[],[],[]
19487,58,0,20210907,1881,0.34615384615384615,[],[],[]
19487,58,0,20210908,1881,0.3131868131868132,[],[],[]
19487,58,0,20210909,1881,0.27472527472527475,[],[],[]
19487,58,0,20210910,1881,0.2802197802197802,[],[],[]
19487,58,0,20210913,1881,0.2967032967032967,[],[],[]
19487,58,0,20210914,1881,0.3076923076923077,[],[],[]
19487,58,0,20210915,1881,0.24725274725274726,[],[],[]
19488,58,0,20210907,1910,0.31868131868131866,[],[],[]
19488,58,0,20210908,1910,0.2967032967032967,[],[],[]
19488,58,0,20210909,1910,0.3021978021978022,[],[],[]
19488,58,0,20210910,1910,0.2692307692307692,[],[],[]
19488,58,0,20210913,1910,0.2967032967032967,[],[],[]
19488,58,0,20210914,1910,0.3021978021978022,[],[],[]
19488,58,0,20210915,1910,0.25824175824175827,[],[],[]
19489,58,0,20210907,3122,0.27472527472527475,[],[],[]
19489,58,0,20210908,3122,0.2802197802197802,[],[],[]
19489,58,0,20210909,3122,0.2967032967032967,[],[],[]
19489,58,0,20210910,3122,0.2692307692307692,[],[],[]
19489,58,0,20210913,3122,0.25274725274725274,[],[],[]
19489,58,0,20210914,3122,0.3021978021978022,[],[],[]
19489,58,0,20210915,3122,0.2087912087912088,[],[],[]
19490,58,0,20210907,1903,0.24725274725274726,[],[],[]
19490,58,0,20210908,1903,0.24725274725274726,[],[],[]
19490,58,0,20210909,1903,0.2032967032967033,[],[],[]
19490,58,0,20210910,1903,0.2032967032967033,[],[],[]
19490,58,0,20210913,1903,0.29120879120879123,[],[],[]
19490,58,0,20210914,1903,0.2802197802197802,[],[],[]
19490,58,0,20210915,1903,0.1978021978021978,[],[],[]
19491,58,0,20210907,1912,0.24725274725274726,[],[],[]
19491,58,0,20210908,1912,0.24175824175824176,[],[],[]
19491,58,0,20210909,1912,0.1978021978021978,[],[],[]
19491,58,0,20210910,1912,0.2032967032967033,[],[],[]
19491,58,0,20210913,1912,0.23626373626373626,[],[],[]
19491,58,0,20210914,1912,0.25274725274725274,[],[],[]
19491,58,0,20210915,1912,0.1978021978021978,[],[],[]
19492,58,0,20210907,4705,0.21978021978021978,[],[],[]
19492,58,0,20210908,4705,0.26373626373626374,[],[],[]
19492,58,0,20210909,4705,0.2692307692307692,[],[],[]
19492,58,0,20210910,4705,0.23076923076923078,[],[],[]
19492,58,0,20210913,4705,0.25824175824175827,[],[],[]
19492,58,0,20210914,4705,0.24175824175824176,[],[],[]
19492,58,0,20210915,4705,0.1978021978021978,[],[],[]
19493,58,0,20210907,6408,0.24175824175824176,[],[],[]
19493,58,0,20210908,6408,0.2692307692307692,[],[],[]
19493,58,0,20210909,6408,0.24175824175824176,[],[],[]
19493,58,0,20210910,6408,0.2087912087912088,[],[],[]
19493,58,0,20210913,6408,0.22527472527472528,[],[],[]
19493,58,0,20210914,6408,0.24725274725274726,[],[],[]
19493,58,0,20210915,6408,0.15384615384615385,[],[],[]
19494,58,0,20210907,2122,0.24175824175824176,[],[],[]
19494,58,0,20210908,2122,0.23626373626373626,[],[],[]
19494,58,0,20210909,2122,0.21428571428571427,[],[],[]
19494,58,0,20210910,2122,0.1813186813186813,[],[],[]
19494,58,0,20210913,2122,0.22527472527472528,[],[],[]
19494,58,0,20210914,2122,0.22527472527472528,[],[],[]
19494,58,0,20210915,2122,0.19230769230769232,[],[],[]
19495,58,0,20210907,2846,0.19230769230769232,[],[],[]
19495,58,0,20210908,2846,0.3131868131868132,[],[],[]
19495,58,0,20210909,2846,0.23076923076923078,[],[],[]
19495,58,0,20210910,2846,0.21428571428571427,[],[],[]
19495,58,0,20210913,2846,0.17582417582417584,[],[],[]
19495,58,0,20210914,2846,0.21978021978021978,[],[],[]
19495,58,0,20210915,2846,0.16483516483516483,[],[],[]
19496,58,0,20210907,2123,0.25824175824175827,[],[],[]
19496,58,0,20210908,2123,0.26373626373626374,[],[],[]
19496,58,0,20210909,2123,0.24725274725274726,[],[],[]
19496,58,0,20210910,2123,0.18681318681318682,[],[],[]
19496,58,0,20210913,2123,0.17582417582417584,[],[],[]
19496,58,0,20210914,2123,0.2692307692307692,[],[],[]
19496,58,0,20210915,2123,0.15384615384615385,[],[],[]
19497,58,0,20210907,2124,0.21428571428571427,[],[],[]
19497,58,0,20210908,2124,0.2032967032967033,[],[],[]
19497,58,0,20210909,2124,0.17582417582417584,[],[],[]
19497,58,0,20210910,2124,0.14285714285714285,[],[],[]
19497,58,0,20210913,2124,0.16483516483516483,[],[],[]
19497,58,0,20210914,2124,0.19230769230769232,[],[],[]
19497,58,0,20210915,2124,0.12087912087912088,[],[],[]
19498,58,0,20210907,2125,0.13736263736263737,[],[],[]
19498,58,0,20210908,2125,0.2692307692307692,[],[],[]
19498,58,0,20210909,2125,0.2032967032967033,[],[],[]
19498,58,0,20210910,2125,0.1978021978021978,[],[],[]
19498,58,0,20210913,2125,0.24175824175824176,[],[],[]
19498,58,0,20210914,2125,0.25824175824175827,[],[],[]
19498,58,0,20210915,2125,0.18681318681318682,[],[],[]
19499,58,0,20210907,1251,0.15384615384615385,[],[],[]
19499,58,0,20210908,1251,0.25274725274725274,[],[],[]
19499,58,0,20210909,1251,0.2032967032967033,[],[],[]
19499,58,0,20210910,1251,0.17582417582417584,[],[],[]
19499,58,0,20210913,1251,0.1978021978021978,[],[],[]
19499,58,0,20210914,1251,0.22527472527472528,[],[],[]
19499,58,0,20210915,1251,0.13186813186813187,[],[],[]
19500,58,0,20210907,4856B,0.17032967032967034,[],[],[]
19500,58,0,20210908,4856B,0.19230769230769232,[],[],[]
19500,58,0,20210909,4856B,0.12087912087912088,[],[],[]
19500,58,0,20210910,4856B,0.13186813186813187,[],[],[]
19500,58,0,20210913,4856B,0.14835164835164835,[],[],[]
19500,58,0,20210914,4856B,0.27472527472527475,[],[],[]
19500,58,0,20210915,4856B,0.14285714285714285,[],[],[]
19501,58,0,20210907,4853,0.21978021978021978,[],[],[]
19501,58,0,20210908,4853,0.17582417582417584,[],[],[]
19501,58,0,20210909,4853,0.13736263736263737,[],[],[]
19501,58,0,20210910,4853,0.21978021978021978,[],[],[]
19501,58,0,20210913,4853,0.1813186813186813,[],[],[]
19501,58,0,20210914,4853,0.24175824175824176,[],[],[]
19501,58,0,20210915,4853,0.13736263736263737,[],[],[]
19502,58,0,20210907,6931B,0.24725274725274726,[],[],[]
19502,58,0,20210908,6931B,0.21428571428571427,[],[],[]
19502,58,0,20210909,6931B,0.17032967032967034,[],[],[]
19502,58,0,20210910,6931B,0.2087912087912088,[],[],[]
19502,58,0,20210913,6931B,0.2087912087912088,[],[],[]
19502,58,0,20210914,6931B,0.2032967032967033,[],[],[]
19502,58,0,20210915,6931B,0.16483516483516483,[],[],[]
19503,58,0,20210907,1652,0.18446601941747573,[],[],[]
19503,58,0,20210908,1652,0.22815533980582525,[],[],[]
19503,58,0,20210909,1652,0.2087378640776699,[],[],[]
19503,58,0,20210910,1652,0.17475728155339806,[],[],[]
19503,58,0,20210913,1652,0.19902912621359223,[],[],[]
19503,58,0,20210914,1652,0.22330097087378642,[],[],[]
19503,58,0,20210915,1652,0.17475728155339806,[],[],[]
19504,58,0,20210907,1736,0.18932038834951456,[],[],[]
19504,58,0,20210908,1736,0.20388349514563106,[],[],[]
19504,58,0,20210909,1736,0.16990291262135923,[],[],[]
19504,58,0,20210910,1736,0.14563106796116504,[],[],[]
19504,58,0,20210913,1736,0.18932038834951456,[],[],[]
19504,58,0,20210914,1736,0.25728155339805825,[],[],[]
19504,58,0,20210915,1736,0.14563106796116504,[],[],[]
19505,58,0,20210907,1737,0.18446601941747573,[],[],[]
19505,58,0,20210908,1737,0.22815533980582525,[],[],[]
19505,58,0,20210909,1737,0.16019417475728157,[],[],[]
19505,58,0,20210910,1737,0.15048543689320387,[],[],[]
19505,58,0,20210913,1737,0.16019417475728157,[],[],[]
19505,58,0,20210914,1737,0.22815533980582525,[],[],[]
19505,58,0,20210915,1737,0.11650485436893204,[],[],[]
19506,58,0,20210907,2769,0.18446601941747573,[],[],[]
19506,58,0,20210908,2769,0.21844660194174756,[],[],[]
19506,58,0,20210909,2769,0.1407766990291262,[],[],[]
19506,58,0,20210910,2769,0.1262135922330097,[],[],[]
19506,58,0,20210913,2769,0.16990291262135923,[],[],[]
19506,58,0,20210914,2769,0.24757281553398058,[],[],[]
19506,58,0,20210915,2769,0.16990291262135923,[],[],[]
19507,58,0,20210907,2770,0.21844660194174756,[],[],[]
19507,58,0,20210908,2770,0.18446601941747573,[],[],[]
19507,58,0,20210909,2770,0.1553398058252427,[],[],[]
19507,58,0,20210910,2770,0.15048543689320387,[],[],[]
19507,58,0,20210913,2770,0.17475728155339806,[],[],[]
19507,58,0,20210914,2770,0.23300970873786409,[],[],[]
19507,58,0,20210915,2770,0.13592233009708737,[],[],[]
19508,58,0,20210907,2771,0.1650485436893204,[],[],[]
19508,58,0,20210908,2771,0.20388349514563106,[],[],[]
19508,58,0,20210909,2771,0.16019417475728157,[],[],[]
19508,58,0,20210910,2771,0.09223300970873786,[],[],[]
19508,58,0,20210913,2771,0.1553398058252427,[],[],[]
19508,58,0,20210914,2771,0.1941747572815534,[],[],[]
19508,58,0,20210915,2771,0.13592233009708737,[],[],[]
19509,58,0,20210907,1949,0.22330097087378642,[],[],[]
19509,58,0,20210908,1949,0.2621359223300971,[],[],[]
19509,58,0,20210909,1949,0.1941747572815534,[],[],[]
19509,58,0,20210910,1949,0.13592233009708737,[],[],[]
19509,58,0,20210913,1949,0.22815533980582525,[],[],[]
19509,58,0,20210914,1949,0.21359223300970873,[],[],[]
19509,58,0,20210915,1949,0.16019417475728157,[],[],[]
19510,58,0,20210907,1962,0.18932038834951456,[],[],[]
19510,58,0,20210908,1962,0.23786407766990292,[],[],[]
19510,58,0,20210909,1962,0.11650485436893204,[],[],[]
19510,58,0,20210910,1962,0.12135922330097088,[],[],[]
19510,58,0,20210913,1962,0.17475728155339806,[],[],[]
19510,58,0,20210914,1962,0.2087378640776699,[],[],[]
19510,58,0,20210915,1962,0.0825242718446602,[],[],[]
19511,58,1,20210907,2701,0.6019417475728155,[],[],[]
19511,58,1,20210908,2701,0.5679611650485437,[],[],[]
19511,58,1,20210909,2701,0.6844660194174758,[],[],[]
19511,58,1,20210910,2701,0.6699029126213593,[],[],[]
19511,58,1,20210913,2701,0.5631067961165048,[],[],[]
19511,58,1,20210914,2701,0.6601941747572816,[],[],[]
19511,58,1,20210915,2701,0.6941747572815534,[],[],[]
19512,58,1,20210907,1929,0.5825242718446602,[],[],[]
19512,58,1,20210908,1929,0.6310679611650486,[],[],[]
19512,58,1,20210909,1929,0.5436893203883495,[],[],[]
19512,58,1,20210910,1929,0.5242718446601942,[],[],[]
19512,58,1,20210913,1929,0.49514563106796117,[],[],[]
19512,58,1,20210914,1929,0.5436893203883495,[],[],[]
19512,58,1,20210915,1929,0.5825242718446602,[],[],[]
19513,58,1,20210907,2702,0.5145631067961165,[],[],[]
19513,58,1,20210908,2702,0.529126213592233,[],[],[]
19513,58,1,20210909,2702,0.4174757281553398,[],[],[]
19513,58,1,20210910,2702,0.46116504854368934,[],[],[]
19513,58,1,20210913,2702,0.4029126213592233,[],[],[]
19513,58,1,20210914,2702,0.4223300970873786,[],[],[]
19513,58,1,20210915,2702,0.4174757281553398,[],[],[]
19514,58,1,20210907,2703,0.7524271844660194,[],[],[]
19514,58,1,20210908,2703,0.7184466019417476,[],[],[]
19514,58,1,20210909,2703,0.6796116504854369,[],[],[]
19514,58,1,20210910,2703,0.6844660194174758,[],[],[]
19514,58,1,20210913,2703,0.7135922330097088,[],[],[]
19514,58,1,20210914,2703,0.7184466019417476,[],[],[]
19514,58,1,20210915,2703,0.7572815533980582,[],[],[]
19515,58,1,20210907,2704,0.6067961165048543,[],[],[]
19515,58,1,20210908,2704,0.5,[],[],[]
19515,58,1,20210909,2704,0.4077669902912621,[],[],[]
19515,58,1,20210910,2704,0.4563106796116505,[],[],[]
19515,58,1,20210913,2704,0.44660194174757284,[],[],[]
19515,58,1,20210914,2704,0.49029126213592233,[],[],[]
19515,58,1,20210915,2704,0.47572815533980584,[],[],[]
19516,58,1,20210907,2705,0.441747572815534,[],[],[]
19516,58,1,20210908,2705,0.41262135922330095,[],[],[]
19516,58,1,20210909,2705,0.32038834951456313,[],[],[]
19516,58,1,20210910,2705,0.3883495145631068,[],[],[]
19516,58,1,20210913,2705,0.3932038834951456,[],[],[]
19516,58,1,20210914,2705,0.470873786407767,[],[],[]
19516,58,1,20210915,2705,0.34951456310679613,[],[],[]
19517,58,1,20210907,1738,0.4563106796116505,[],[],[]
19517,58,1,20210908,1738,0.4320388349514563,[],[],[]
19517,58,1,20210909,1738,0.4368932038834951,[],[],[]
19517,58,1,20210910,1738,0.38349514563106796,[],[],[]
19517,58,1,20210913,1738,0.36893203883495146,[],[],[]
19517,58,1,20210914,1738,0.4077669902912621,[],[],[]
19517,58,1,20210915,1738,0.4029126213592233,[],[],[]
19518,58,1,20210907,1739,0.441747572815534,[],[],[]
19518,58,1,20210908,1739,0.41262135922330095,[],[],[]
19518,58,1,20210909,1739,0.3640776699029126,[],[],[]
19518,58,1,20210910,1739,0.39805825242718446,[],[],[]
19518,58,1,20210913,1739,0.4077669902912621,[],[],[]
19518,58,1,20210914,1739,0.3737864077669903,[],[],[]
19518,58,1,20210915,1739,0.32038834951456313,[],[],[]
19519,58,1,20210907,1653,0.4223300970873786,[],[],[]
19519,58,1,20210908,1653,0.42718446601941745,[],[],[]
19519,58,1,20210909,1653,0.28640776699029125,[],[],[]
19519,58,1,20210910,1653,0.34951456310679613,[],[],[]
19519,58,1,20210913,1653,0.4223300970873786,[],[],[]
19519,58,1,20210914,1653,0.36893203883495146,[],[],[]
19519,58,1,20210915,1653,0.3640776699029126,[],[],[]
19520,58,1,20210907,6956B,0.26519337016574585,[],[],[]
19520,58,1,20210908,6956B,0.24861878453038674,[],[],[]
19520,58,1,20210909,6956B,0.20441988950276244,[],[],[]
19520,58,1,20210910,6956B,0.1878453038674033,[],[],[]
19520,58,1,20210913,6956B,0.2541436464088398,[],[],[]
19520,58,1,20210914,6956B,0.16574585635359115,[],[],[]
19520,58,1,20210915,6956B,0.2541436464088398,[],[],[]
19521,58,1,20210907,4804B,0.2596685082872928,[],[],[]
19521,58,1,20210908,4804B,0.2983425414364641,[],[],[]
19521,58,1,20210909,4804B,0.2154696132596685,[],[],[]
19521,58,1,20210910,4804B,0.2541436464088398,[],[],[]
19521,58,1,20210913,4804B,0.292817679558011,[],[],[]
19521,58,1,20210914,4804B,0.17679558011049723,[],[],[]
19521,58,1,20210915,4804B,0.2596685082872928,[],[],[]
19522,58,1,20210907,4857B,0.2596685082872928,[],[],[]
19522,58,1,20210908,4857B,0.39779005524861877,[],[],[]
19522,58,1,20210909,4857B,0.287292817679558,[],[],[]
19522,58,1,20210910,4857B,0.26519337016574585,[],[],[]
19522,58,1,20210913,4857B,0.292817679558011,[],[],[]
19522,58,1,20210914,4857B,0.24861878453038674,[],[],[]
19522,58,1,20210915,4857B,0.3812154696132597,[],[],[]
19523,58,1,20210907,1250,0.35911602209944754,[],[],[]
19523,58,1,20210908,1250,0.3867403314917127,[],[],[]
19523,58,1,20210909,1250,0.287292817679558,[],[],[]
19523,58,1,20210910,1250,0.3314917127071823,[],[],[]
19523,58,1,20210913,1250,0.3259668508287293,[],[],[]
19523,58,1,20210914,1250,0.22099447513812154,[],[],[]
19523,58,1,20210915,1250,0.30939226519337015,[],[],[]
19524,58,1,20210907,2131,0.24861878453038674,[],[],[]
19524,58,1,20210908,2131,0.3259668508287293,[],[],[]
19524,58,1,20210909,2131,0.27071823204419887,[],[],[]
19524,58,1,20210910,2131,0.2154696132596685,[],[],[]
19524,58,1,20210913,2131,0.24861878453038674,[],[],[]
19524,58,1,20210914,2131,0.2154696132596685,[],[],[]
19524,58,1,20210915,2131,0.26519337016574585,[],[],[]
19525,58,1,20210907,2132,0.287292817679558,[],[],[]
19525,58,1,20210908,2132,0.30386740331491713,[],[],[]
19525,58,1,20210909,2132,0.24861878453038674,[],[],[]
19525,58,1,20210910,2132,0.2265193370165746,[],[],[]
19525,58,1,20210913,2132,0.281767955801105,[],[],[]
19525,58,1,20210914,2132,0.2983425414364641,[],[],[]
19525,58,1,20210915,2132,0.24861878453038674,[],[],[]
19526,58,1,20210907,2133,0.3701657458563536,[],[],[]
19526,58,1,20210908,2133,0.30939226519337015,[],[],[]
19526,58,1,20210909,2133,0.22099447513812154,[],[],[]
19526,58,1,20210910,2133,0.22099447513812154,[],[],[]
19526,58,1,20210913,2133,0.32044198895027626,[],[],[]
19526,58,1,20210914,2133,0.3370165745856354,[],[],[]
19526,58,1,20210915,2133,0.3259668508287293,[],[],[]
19527,58,1,20210907,2847,0.281767955801105,[],[],[]
19527,58,1,20210908,2847,0.292817679558011,[],[],[]
19527,58,1,20210909,2847,0.20994475138121546,[],[],[]
19527,58,1,20210910,2847,0.20994475138121546,[],[],[]
19527,58,1,20210913,2847,0.2541436464088398,[],[],[]
19527,58,1,20210914,2847,0.287292817679558,[],[],[]
19527,58,1,20210915,2847,0.20994475138121546,[],[],[]
19528,58,1,20210907,2134,0.2430939226519337,[],[],[]
19528,58,1,20210908,2134,0.26519337016574585,[],[],[]
19528,58,1,20210909,2134,0.2265193370165746,[],[],[]
19528,58,1,20210910,2134,0.20441988950276244,[],[],[]
19528,58,1,20210913,2134,0.2430939226519337,[],[],[]
19528,58,1,20210914,2134,0.27071823204419887,[],[],[]
19528,58,1,20210915,2134,0.1878453038674033,[],[],[]
19529,58,1,20210907,6406,0.2430939226519337,[],[],[]
19529,58,1,20210908,6406,0.292817679558011,[],[],[]
19529,58,1,20210909,6406,0.2154696132596685,[],[],[]
19529,58,1,20210910,6406,0.2154696132596685,[],[],[]
19529,58,1,20210913,6406,0.2596685082872928,[],[],[]
19529,58,1,20210914,6406,0.26519337016574585,[],[],[]
19529,58,1,20210915,6406,0.13259668508287292,[],[],[]
19530,58,1,20210907,6453,0.30939226519337015,[],[],[]
19530,58,1,20210908,6453,0.2541436464088398,[],[],[]
19530,58,1,20210909,6453,0.2265193370165746,[],[],[]
19530,58,1,20210910,6453,0.15469613259668508,[],[],[]
19530,58,1,20210913,6453,0.20994475138121546,[],[],[]
19530,58,1,20210914,6453,0.2265193370165746,[],[],[]
19530,58,1,20210915,6453,0.13812154696132597,[],[],[]
19531,58,1,20210907,1976,0.26519337016574585,[],[],[]
19531,58,1,20210908,1976,0.2265193370165746,[],[],[]
19531,58,1,20210909,1976,0.16574585635359115,[],[],[]
19531,58,1,20210910,1976,0.2154696132596685,[],[],[]
19531,58,1,20210913,1976,0.2265193370165746,[],[],[]
19531,58,1,20210914,1976,0.22099447513812154,[],[],[]
19531,58,1,20210915,1976,0.12154696132596685,[],[],[]
19532,58,1,20210907,1977,0.2265193370165746,[],[],[]
19532,58,1,20210908,1977,0.20994475138121546,[],[],[]
19532,58,1,20210909,1977,0.23756906077348067,[],[],[]
19532,58,1,20210910,1977,0.20994475138121546,[],[],[]
19532,58,1,20210913,1977,0.143646408839779,[],[],[]
19532,58,1,20210914,1977,0.1878453038674033,[],[],[]
19532,58,1,20210915,1977,0.12154696132596685,[],[],[]
19533,58,1,20210907,1986,0.19889502762430938,[],[],[]
19533,58,1,20210908,1986,0.19337016574585636,[],[],[]
19533,58,1,20210909,1986,0.16574585635359115,[],[],[]
19533,58,1,20210910,1986,0.12154696132596685,[],[],[]
19533,58,1,20210913,1986,0.18232044198895028,[],[],[]
19533,58,1,20210914,1986,0.18232044198895028,[],[],[]
19533,58,1,20210915,1986,0.13259668508287292,[],[],[]
19534,58,1,20210907,6112,0.2541436464088398,[],[],[]
19534,58,1,20210908,6112,0.2154696132596685,[],[],[]
19534,58,1,20210909,6112,0.18232044198895028,[],[],[]
19534,58,1,20210910,6112,0.16022099447513813,[],[],[]
19534,58,1,20210913,6112,0.17679558011049723,[],[],[]
19534,58,1,20210914,6112,0.1712707182320442,[],[],[]
19534,58,1,20210915,6112,0.16022099447513813,[],[],[]
19535,58,1,20210907,1980,0.19889502762430938,[],[],[]
19535,58,1,20210908,1980,0.23204419889502761,[],[],[]
19535,58,1,20210909,1980,0.17679558011049723,[],[],[]
19535,58,1,20210910,1980,0.18232044198895028,[],[],[]
19535,58,1,20210913,1980,0.19889502762430938,[],[],[]
19535,58,1,20210914,1980,0.2154696132596685,[],[],[]
19535,58,1,20210915,1980,0.14917127071823205,[],[],[]
19536,58,1,20210907,1884,0.2541436464088398,[],[],[]
19536,58,1,20210908,1884,0.20441988950276244,[],[],[]
19536,58,1,20210909,1884,0.20441988950276244,[],[],[]
19536,58,1,20210910,1884,0.20441988950276244,[],[],[]
19536,58,1,20210913,1884,0.2265193370165746,[],[],[]
19536,58,1,20210914,1884,0.23204419889502761,[],[],[]
19536,58,1,20210915,1884,0.16022099447513813,[],[],[]
19537,58,1,20210907,1883,0.2596685082872928,[],[],[]
19537,58,1,20210908,1883,0.19337016574585636,[],[],[]
19537,58,1,20210909,1883,0.14917127071823205,[],[],[]
19537,58,1,20210910,1883,0.19889502762430938,[],[],[]
19537,58,1,20210913,1883,0.18232044198895028,[],[],[]
19537,58,1,20210914,1883,0.23204419889502761,[],[],[]
19537,58,1,20210915,1883,0.12154696132596685,[],[],[]
19538,58,1,20210907,3160,0.24861878453038674,[],[],[]
19538,58,1,20210908,3160,0.2265193370165746,[],[],[]
19538,58,1,20210909,3160,0.19889502762430938,[],[],[]
19538,58,1,20210910,3160,0.17679558011049723,[],[],[]
19538,58,1,20210913,3160,0.16574585635359115,[],[],[]
19538,58,1,20210914,3160,0.2430939226519337,[],[],[]
19538,58,1,20210915,3160,0.16022099447513813,[],[],[]
19539,58,1,20210907,3158B,0.23756906077348067,[],[],[]
19539,58,1,20210908,3158B,0.22099447513812154,[],[],[]
19539,58,1,20210909,3158B,0.13259668508287292,[],[],[]
19539,58,1,20210910,3158B,0.13259668508287292,[],[],[]
19539,58,1,20210913,3158B,0.1878453038674033,[],[],[]
19539,58,1,20210914,3158B,0.22099447513812154,[],[],[]
19539,58,1,20210915,3158B,0.1270718232044199,[],[],[]
19540,58,1,20210907,1416,0.20994475138121546,[],[],[]
19540,58,1,20210908,1416,0.20441988950276244,[],[],[]
19540,58,1,20210909,1416,0.13259668508287292,[],[],[]
19540,58,1,20210910,1416,0.13259668508287292,[],[],[]
19540,58,1,20210913,1416,0.20994475138121546,[],[],[]
19540,58,1,20210914,1416,0.17679558011049723,[],[],[]
19540,58,1,20210915,1416,0.10497237569060773,[],[],[]
19541,58,1,20210907,1418B,0.2265193370165746,[],[],[]
19541,58,1,20210908,1418B,0.1712707182320442,[],[],[]
19541,58,1,20210909,1418B,0.17679558011049723,[],[],[]
19541,58,1,20210910,1418B,0.22099447513812154,[],[],[]
19541,58,1,20210913,1418B,0.1878453038674033,[],[],[]
19541,58,1,20210914,1418B,0.1712707182320442,[],[],[]
19541,58,1,20210915,1418B,0.08287292817679558,[],[],[]
19542,58,1,20210907,2068,0.07734806629834254,[],[],[]
