,org_row,route_id,direction_id,date,stop_id,punc
0,36802,75,1,20210906,6355F,"[[33, 57], [58, 62], [116, 127], [128, 135], [136, 140]]"
1,36802,75,1,20210907,6355F,"[[33, 57], [58, 62], [116, 127], [128, 135], [136, 140]]"
2,36802,75,1,20210908,6355F,"[[33, 57], [58, 62], [116, 127], [128, 135], [136, 140]]"
3,36802,75,1,20210909,6355F,"[[33, 57], [58, 62], [116, 127], [128, 135], [136, 140]]"
4,36802,75,1,20210910,6355F,"[[33, 57], [58, 62], [116, 127], [128, 135], [136, 140]]"
5,36802,75,1,20210913,6355F,"[[33, 57], [58, 62], [116, 127], [128, 135], [136, 140]]"
6,36802,75,1,20210914,6355F,"[[33, 57], [58, 62], [116, 127], [128, 135], [136, 140]]"
7,36802,75,1,20210915,6355F,"[[33, 57], [58, 62], [116, 127], [128, 135], [136, 140]]"
8,36802,75,1,20210916,6355F,"[[33, 57], [58, 62], [116, 127], [128, 135], [136, 140]]"
9,36802,75,1,20210917,6355F,"[[33, 57], [58, 62], [116, 127], [128, 135], [136, 140]]"
10,36803,75,1,20210906,6356F,"[[33, 57], [58, 62], [116, 127], [128, 135], [136, 140]]"
11,36803,75,1,20210907,6356F,"[[33, 57], [58, 62], [116, 127], [128, 135], [136, 140]]"
12,36803,75,1,20210908,6356F,"[[33, 57], [58, 62], [116, 127], [128, 135], [136, 140]]"
13,36803,75,1,20210909,6356F,"[[33, 57], [58, 62], [116, 127], [128, 135], [136, 140]]"
14,36803,75,1,20210910,6356F,"[[33, 57], [58, 62], [116, 127], [128, 135], [136, 140]]"
15,36803,75,1,20210913,6356F,"[[33, 57], [58, 62], [116, 127], [128, 135], [136, 140]]"
16,36803,75,1,20210914,6356F,"[[33, 57], [58, 62], [116, 127], [128, 135], [136, 140]]"
17,36803,75,1,20210915,6356F,"[[33, 57], [58, 62], [116, 127], [128, 135], [136, 140]]"
18,36803,75,1,20210916,6356F,"[[33, 57], [58, 62], [116, 127], [128, 135], [136, 140]]"
19,36803,75,1,20210917,6356F,"[[33, 57], [58, 62], [116, 127], [128, 135], [136, 140]]"
20,36804,75,1,20210906,6357F,"[[33, 57], [58, 62], [116, 127], [128, 135], [136, 140]]"
21,36804,75,1,20210907,6357F,"[[33, 57], [58, 62], [116, 127], [128, 135], [136, 140]]"
22,36804,75,1,20210908,6357F,"[[33, 57], [58, 62], [116, 127], [128, 135], [136, 140]]"
23,36804,75,1,20210909,6357F,"[[33, 57], [58, 62], [116, 127], [128, 135], [136, 140]]"
24,36804,75,1,20210910,6357F,"[[33, 57], [58, 62], [116, 127], [128, 135], [136, 140]]"
25,36804,75,1,20210913,6357F,"[[33, 57], [58, 62], [116, 127], [128, 135], [136, 140]]"
26,36804,75,1,20210914,6357F,"[[33, 57], [58, 62], [116, 127], [128, 135], [136, 140]]"
27,36804,75,1,20210915,6357F,"[[33, 57], [58, 62], [116, 127], [128, 135], [136, 140]]"
28,36804,75,1,20210916,6357F,"[[33, 57], [58, 62], [116, 127], [128, 135], [136, 140]]"
29,36804,75,1,20210917,6357F,"[[33, 57], [58, 62], [116, 127], [128, 135], [136, 140]]"
30,36805,75,1,20210906,6434F,"[[0, 18], [33, 57], [58, 62], [63, 85], [116, 129], [130, 135], [136, 140]]"
31,36805,75,1,20210907,6434F,"[[0, 18], [33, 57], [58, 62], [63, 85], [116, 129], [130, 135], [136, 140]]"
32,36805,75,1,20210908,6434F,"[[0, 18], [33, 57], [58, 62], [63, 85], [116, 129], [130, 135], [136, 140]]"
33,36805,75,1,20210909,6434F,"[[0, 18], [33, 57], [58, 62], [63, 85], [116, 129], [130, 135], [136, 140]]"
34,36805,75,1,20210910,6434F,"[[0, 18], [33, 57], [58, 62], [63, 85], [116, 129], [130, 135], [136, 140]]"
35,36805,75,1,20210913,6434F,"[[0, 18], [33, 57], [58, 62], [63, 85], [116, 129], [130, 135], [136, 140]]"
36,36805,75,1,20210914,6434F,"[[0, 18], [33, 57], [58, 62], [63, 85], [116, 129], [130, 135], [136, 140]]"
37,36805,75,1,20210915,6434F,"[[0, 18], [33, 57], [58, 62], [63, 85], [116, 129], [130, 135], [136, 140]]"
38,36805,75,1,20210916,6434F,"[[0, 18], [33, 57], [58, 62], [63, 85], [116, 129], [130, 135], [136, 140]]"
39,36805,75,1,20210917,6434F,"[[0, 18], [33, 57], [58, 62], [63, 85], [116, 129], [130, 135], [136, 140]]"
40,36806,75,1,20210906,6359F,"[[0, 18], [33, 57], [58, 62], [63, 85], [116, 129], [130, 134], [135, 140]]"
41,36806,75,1,20210907,6359F,"[[0, 18], [33, 57], [58, 62], [63, 85], [116, 129], [130, 134], [135, 140]]"
42,36806,75,1,20210908,6359F,"[[0, 18], [33, 57], [58, 62], [63, 85], [116, 129], [130, 134], [135, 140]]"
43,36806,75,1,20210909,6359F,"[[0, 18], [33, 57], [58, 62], [63, 85], [116, 129], [130, 134], [135, 140]]"
44,36806,75,1,20210910,6359F,"[[0, 18], [33, 57], [58, 62], [63, 85], [116, 129], [130, 134], [135, 140]]"
45,36806,75,1,20210913,6359F,"[[0, 18], [33, 57], [58, 62], [63, 85], [116, 129], [130, 134], [135, 140]]"
46,36806,75,1,20210914,6359F,"[[0, 18], [33, 57], [58, 62], [63, 85], [116, 129], [130, 134], [135, 140]]"
47,36806,75,1,20210915,6359F,"[[0, 18], [33, 57], [58, 62], [63, 85], [116, 129], [130, 134], [135, 140]]"
48,36806,75,1,20210916,6359F,"[[0, 18], [33, 57], [58, 62], [63, 85], [116, 129], [130, 134], [135, 140]]"
49,36806,75,1,20210917,6359F,"[[0, 18], [33, 57], [58, 62], [63, 85], [116, 129], [130, 134], [135, 140]]"
50,36807,75,1,20210906,6413F,"[[0, 18], [33, 57], [58, 62], [63, 85], [116, 129], [130, 134], [135, 140]]"
51,36807,75,1,20210907,6413F,"[[0, 18], [33, 57], [58, 62], [63, 85], [116, 129], [130, 134], [135, 140]]"
52,36807,75,1,20210908,6413F,"[[0, 18], [33, 57], [58, 62], [63, 85], [116, 129], [130, 134], [135, 140]]"
53,36807,75,1,20210909,6413F,"[[0, 18], [33, 57], [58, 62], [63, 85], [116, 129], [130, 134], [135, 140]]"
54,36807,75,1,20210910,6413F,"[[0, 18], [33, 57], [58, 62], [63, 85], [116, 129], [130, 134], [135, 140]]"
55,36807,75,1,20210913,6413F,"[[0, 18], [33, 57], [58, 62], [63, 85], [116, 129], [130, 134], [135, 140]]"
56,36807,75,1,20210914,6413F,"[[0, 18], [33, 57], [58, 62], [63, 85], [116, 129], [130, 134], [135, 140]]"
57,36807,75,1,20210915,6413F,"[[0, 18], [33, 57], [58, 62], [63, 85], [116, 129], [130, 134], [135, 140]]"
58,36807,75,1,20210916,6413F,"[[0, 18], [33, 57], [58, 62], [63, 85], [116, 129], [130, 134], [135, 140]]"
59,36807,75,1,20210917,6413F,"[[0, 18], [33, 57], [58, 62], [63, 85], [116, 129], [130, 134], [135, 140]]"
60,36808,75,1,20210906,6066G,"[[0, 18], [33, 57], [58, 62], [63, 85], [116, 129], [130, 134], [135, 140]]"
61,36808,75,1,20210907,6066G,"[[0, 18], [33, 57], [58, 62], [63, 85], [116, 129], [130, 134], [135, 140]]"
62,36808,75,1,20210908,6066G,"[[0, 18], [33, 57], [58, 62], [63, 85], [116, 129], [130, 134], [135, 140]]"
63,36808,75,1,20210909,6066G,"[[0, 18], [33, 57], [58, 62], [63, 85], [116, 129], [130, 134], [135, 140]]"
64,36808,75,1,20210910,6066G,"[[0, 18], [33, 57], [58, 62], [63, 85], [116, 129], [130, 134], [135, 140]]"
65,36808,75,1,20210913,6066G,"[[0, 18], [33, 57], [58, 62], [63, 85], [116, 129], [130, 134], [135, 140]]"
66,36808,75,1,20210914,6066G,"[[0, 18], [33, 57], [58, 62], [63, 85], [116, 129], [130, 134], [135, 140]]"
67,36808,75,1,20210915,6066G,"[[0, 18], [33, 57], [58, 62], [63, 85], [116, 129], [130, 134], [135, 140]]"
68,36808,75,1,20210916,6066G,"[[0, 18], [33, 57], [58, 62], [63, 85], [116, 129], [130, 134], [135, 140]]"
69,36808,75,1,20210917,6066G,"[[0, 18], [33, 57], [58, 62], [63, 85], [116, 129], [130, 134], [135, 140]]"
70,36809,75,1,20210906,2726F,"[[129, 143], [144, 148], [149, 154]]"
71,36809,75,1,20210907,2726F,"[[129, 143], [144, 148], [149, 154]]"
72,36809,75,1,20210908,2726F,"[[129, 143], [144, 148], [149, 154]]"
73,36809,75,1,20210909,2726F,"[[129, 143], [144, 148], [149, 154]]"
74,36809,75,1,20210910,2726F,"[[129, 143], [144, 148], [149, 154]]"
75,36809,75,1,20210913,2726F,"[[129, 143], [144, 148], [149, 154]]"
76,36809,75,1,20210914,2726F,"[[129, 143], [144, 148], [149, 154]]"
77,36809,75,1,20210915,2726F,"[[129, 143], [144, 148], [149, 154]]"
78,36809,75,1,20210916,2726F,"[[129, 143], [144, 148], [149, 154]]"
79,36809,75,1,20210917,2726F,"[[129, 143], [144, 148], [149, 154]]"
80,36810,75,1,20210906,6179,"[[128, 143], [144, 148], [149, 154]]"
81,36810,75,1,20210907,6179,"[[128, 143], [144, 148], [149, 154]]"
82,36810,75,1,20210908,6179,"[[128, 143], [144, 148], [149, 154]]"
83,36810,75,1,20210909,6179,"[[128, 143], [144, 148], [149, 154]]"
84,36810,75,1,20210910,6179,"[[128, 143], [144, 148], [149, 154]]"
85,36810,75,1,20210913,6179,"[[128, 143], [144, 148], [149, 154]]"
86,36810,75,1,20210914,6179,"[[128, 143], [144, 148], [149, 154]]"
87,36810,75,1,20210915,6179,"[[128, 143], [144, 148], [149, 154]]"
88,36810,75,1,20210916,6179,"[[128, 143], [144, 148], [149, 154]]"
89,36810,75,1,20210917,6179,"[[128, 143], [144, 148], [149, 154]]"
90,36811,75,1,20210906,2537F,"[[128, 143], [144, 148], [149, 154]]"
91,36811,75,1,20210907,2537F,"[[128, 143], [144, 148], [149, 154]]"
92,36811,75,1,20210908,2537F,"[[128, 143], [144, 148], [149, 154]]"
93,36811,75,1,20210909,2537F,"[[128, 143], [144, 148], [149, 154]]"
94,36811,75,1,20210910,2537F,"[[128, 143], [144, 148], [149, 154]]"
95,36811,75,1,20210913,2537F,"[[128, 143], [144, 148], [149, 154]]"
96,36811,75,1,20210914,2537F,"[[128, 143], [144, 148], [149, 154]]"
97,36811,75,1,20210915,2537F,"[[128, 143], [144, 148], [149, 154]]"
98,36811,75,1,20210916,2537F,"[[128, 143], [144, 148], [149, 154]]"
99,36811,75,1,20210917,2537F,"[[128, 143], [144, 148], [149, 154]]"
100,36812,75,1,20210906,2879F,"[[127, 143], [144, 148], [149, 154]]"
101,36812,75,1,20210907,2879F,"[[127, 143], [144, 148], [149, 154]]"
102,36812,75,1,20210908,2879F,"[[127, 143], [144, 148], [149, 154]]"
103,36812,75,1,20210909,2879F,"[[127, 143], [144, 148], [149, 154]]"
104,36812,75,1,20210910,2879F,"[[127, 143], [144, 148], [149, 154]]"
105,36812,75,1,20210913,2879F,"[[127, 143], [144, 148], [149, 154]]"
106,36812,75,1,20210914,2879F,"[[127, 143], [144, 148], [149, 154]]"
107,36812,75,1,20210915,2879F,"[[127, 143], [144, 148], [149, 154]]"
108,36812,75,1,20210916,2879F,"[[127, 143], [144, 148], [149, 154]]"
109,36812,75,1,20210917,2879F,"[[127, 143], [144, 148], [149, 154]]"
110,36813,75,1,20210906,6174F,"[[124, 143], [144, 148], [149, 154]]"
111,36813,75,1,20210907,6174F,"[[124, 143], [144, 148], [149, 154]]"
112,36813,75,1,20210908,6174F,"[[124, 143], [144, 148], [149, 154]]"
113,36813,75,1,20210909,6174F,"[[124, 143], [144, 148], [149, 154]]"
114,36813,75,1,20210910,6174F,"[[124, 143], [144, 148], [149, 154]]"
115,36813,75,1,20210913,6174F,"[[124, 143], [144, 148], [149, 154]]"
116,36813,75,1,20210914,6174F,"[[124, 143], [144, 148], [149, 154]]"
117,36813,75,1,20210915,6174F,"[[124, 143], [144, 148], [149, 154]]"
118,36813,75,1,20210916,6174F,"[[124, 143], [144, 148], [149, 154]]"
119,36813,75,1,20210917,6174F,"[[124, 143], [144, 148], [149, 154]]"
120,36814,75,1,20210906,6171,"[[124, 143], [144, 148], [149, 154]]"
121,36814,75,1,20210907,6171,"[[124, 143], [144, 148], [149, 154]]"
122,36814,75,1,20210908,6171,"[[124, 143], [144, 148], [149, 154]]"
123,36814,75,1,20210909,6171,"[[124, 143], [144, 148], [149, 154]]"
124,36814,75,1,20210910,6171,"[[124, 143], [144, 148], [149, 154]]"
125,36814,75,1,20210913,6171,"[[124, 143], [144, 148], [149, 154]]"
126,36814,75,1,20210914,6171,"[[124, 143], [144, 148], [149, 154]]"
127,36814,75,1,20210915,6171,"[[124, 143], [144, 148], [149, 154]]"
128,36814,75,1,20210916,6171,"[[124, 143], [144, 148], [149, 154]]"
129,36814,75,1,20210917,6171,"[[124, 143], [144, 148], [149, 154]]"
130,36815,75,1,20210906,4118F,"[[124, 143], [144, 148], [149, 154]]"
131,36815,75,1,20210907,4118F,"[[124, 143], [144, 148], [149, 154]]"
132,36815,75,1,20210908,4118F,"[[124, 143], [144, 148], [149, 154]]"
133,36815,75,1,20210909,4118F,"[[124, 143], [144, 148], [149, 154]]"
134,36815,75,1,20210910,4118F,"[[124, 143], [144, 148], [149, 154]]"
135,36815,75,1,20210913,4118F,"[[124, 143], [144, 148], [149, 154]]"
136,36815,75,1,20210914,4118F,"[[124, 143], [144, 148], [149, 154]]"
137,36815,75,1,20210915,4118F,"[[124, 143], [144, 148], [149, 154]]"
138,36815,75,1,20210916,4118F,"[[124, 143], [144, 148], [149, 154]]"
139,36815,75,1,20210917,4118F,"[[124, 143], [144, 148], [149, 154]]"
140,36816,75,1,20210906,6172,"[[124, 143], [144, 148], [149, 154]]"
141,36816,75,1,20210907,6172,"[[124, 143], [144, 148], [149, 154]]"
142,36816,75,1,20210908,6172,"[[124, 143], [144, 148], [149, 154]]"
143,36816,75,1,20210909,6172,"[[124, 143], [144, 148], [149, 154]]"
144,36816,75,1,20210910,6172,"[[124, 143], [144, 148], [149, 154]]"
145,36816,75,1,20210913,6172,"[[124, 143], [144, 148], [149, 154]]"
146,36816,75,1,20210914,6172,"[[124, 143], [144, 148], [149, 154]]"
147,36816,75,1,20210915,6172,"[[124, 143], [144, 148], [149, 154]]"
148,36816,75,1,20210916,6172,"[[124, 143], [144, 148], [149, 154]]"
149,36816,75,1,20210917,6172,"[[124, 143], [144, 148], [149, 154]]"
150,36817,75,1,20210906,6552,"[[124, 143], [144, 148], [149, 154]]"
151,36817,75,1,20210907,6552,"[[124, 143], [144, 148], [149, 154]]"
152,36817,75,1,20210908,6552,"[[124, 143], [144, 148], [149, 154]]"
153,36817,75,1,20210909,6552,"[[124, 143], [144, 148], [149, 154]]"
154,36817,75,1,20210910,6552,"[[124, 143], [144, 148], [149, 154]]"
155,36817,75,1,20210913,6552,"[[124, 143], [144, 148], [149, 154]]"
156,36817,75,1,20210914,6552,"[[124, 143], [144, 148], [149, 154]]"
157,36817,75,1,20210915,6552,"[[124, 143], [144, 148], [149, 154]]"
158,36817,75,1,20210916,6552,"[[124, 143], [144, 148], [149, 154]]"
159,36817,75,1,20210917,6552,"[[124, 143], [144, 148], [149, 154]]"
160,36818,75,1,20210906,6553,"[[124, 143], [144, 148], [149, 154]]"
161,36818,75,1,20210907,6553,"[[124, 143], [144, 148], [149, 154]]"
162,36818,75,1,20210908,6553,"[[124, 143], [144, 148], [149, 154]]"
163,36818,75,1,20210909,6553,"[[124, 143], [144, 148], [149, 154]]"
164,36818,75,1,20210910,6553,"[[124, 143], [144, 148], [149, 154]]"
165,36818,75,1,20210913,6553,"[[124, 143], [144, 148], [149, 154]]"
166,36818,75,1,20210914,6553,"[[124, 143], [144, 148], [149, 154]]"
167,36818,75,1,20210915,6553,"[[124, 143], [144, 148], [149, 154]]"
168,36818,75,1,20210916,6553,"[[124, 143], [144, 148], [149, 154]]"
169,36818,75,1,20210917,6553,"[[124, 143], [144, 148], [149, 154]]"
170,36819,75,1,20210906,5081F,"[[124, 143], [144, 148], [149, 154]]"
171,36819,75,1,20210907,5081F,"[[124, 143], [144, 148], [149, 154]]"
172,36819,75,1,20210908,5081F,"[[124, 143], [144, 148], [149, 154]]"
173,36819,75,1,20210909,5081F,"[[124, 143], [144, 148], [149, 154]]"
174,36819,75,1,20210910,5081F,"[[124, 143], [144, 148], [149, 154]]"
175,36819,75,1,20210913,5081F,"[[124, 143], [144, 148], [149, 154]]"
176,36819,75,1,20210914,5081F,"[[124, 143], [144, 148], [149, 154]]"
177,36819,75,1,20210915,5081F,"[[124, 143], [144, 148], [149, 154]]"
178,36819,75,1,20210916,5081F,"[[124, 143], [144, 148], [149, 154]]"
179,36819,75,1,20210917,5081F,"[[124, 143], [144, 148], [149, 154]]"
180,36820,75,1,20210906,5471,"[[129, 143], [144, 148], [149, 154]]"
181,36820,75,1,20210907,5471,"[[129, 143], [144, 148], [149, 154]]"
182,36820,75,1,20210908,5471,"[[129, 143], [144, 148], [149, 154]]"
183,36820,75,1,20210909,5471,"[[129, 143], [144, 148], [149, 154]]"
184,36820,75,1,20210910,5471,"[[129, 143], [144, 148], [149, 154]]"
185,36820,75,1,20210913,5471,"[[129, 143], [144, 148], [149, 154]]"
186,36820,75,1,20210914,5471,"[[129, 143], [144, 148], [149, 154]]"
187,36820,75,1,20210915,5471,"[[129, 143], [144, 148], [149, 154]]"
188,36820,75,1,20210916,5471,"[[129, 143], [144, 148], [149, 154]]"
189,36820,75,1,20210917,5471,"[[129, 143], [144, 148], [149, 154]]"
190,36821,75,1,20210906,5398F,"[[129, 143], [144, 148], [149, 154]]"
191,36821,75,1,20210907,5398F,"[[129, 143], [144, 148], [149, 154]]"
192,36821,75,1,20210908,5398F,"[[129, 143], [144, 148], [149, 154]]"
193,36821,75,1,20210909,5398F,"[[129, 143], [144, 148], [149, 154]]"
194,36821,75,1,20210910,5398F,"[[129, 143], [144, 148], [149, 154]]"
195,36821,75,1,20210913,5398F,"[[129, 143], [144, 148], [149, 154]]"
196,36821,75,1,20210914,5398F,"[[129, 143], [144, 148], [149, 154]]"
197,36821,75,1,20210915,5398F,"[[129, 143], [144, 148], [149, 154]]"
198,36821,75,1,20210916,5398F,"[[129, 143], [144, 148], [149, 154]]"
199,36821,75,1,20210917,5398F,"[[129, 143], [144, 148], [149, 154]]"
200,36822,75,1,20210906,5472,"[[129, 143], [144, 148], [149, 154]]"
201,36822,75,1,20210907,5472,"[[129, 143], [144, 148], [149, 154]]"
202,36822,75,1,20210908,5472,"[[129, 143], [144, 148], [149, 154]]"
203,36822,75,1,20210909,5472,"[[129, 143], [144, 148], [149, 154]]"
204,36822,75,1,20210910,5472,"[[129, 143], [144, 148], [149, 154]]"
205,36822,75,1,20210913,5472,"[[129, 143], [144, 148], [149, 154]]"
206,36822,75,1,20210914,5472,"[[129, 143], [144, 148], [149, 154]]"
207,36822,75,1,20210915,5472,"[[129, 143], [144, 148], [149, 154]]"
208,36822,75,1,20210916,5472,"[[129, 143], [144, 148], [149, 154]]"
209,36822,75,1,20210917,5472,"[[129, 143], [144, 148], [149, 154]]"
210,36823,75,1,20210906,5474,"[[129, 143], [144, 148], [149, 154]]"
211,36823,75,1,20210907,5474,"[[129, 143], [144, 148], [149, 154]]"
212,36823,75,1,20210908,5474,"[[129, 143], [144, 148], [149, 154]]"
213,36823,75,1,20210909,5474,"[[129, 143], [144, 148], [149, 154]]"
214,36823,75,1,20210910,5474,"[[129, 143], [144, 148], [149, 154]]"
215,36823,75,1,20210913,5474,"[[129, 143], [144, 148], [149, 154]]"
216,36823,75,1,20210914,5474,"[[129, 143], [144, 148], [149, 154]]"
217,36823,75,1,20210915,5474,"[[129, 143], [144, 148], [149, 154]]"
218,36823,75,1,20210916,5474,"[[129, 143], [144, 148], [149, 154]]"
219,36823,75,1,20210917,5474,"[[129, 143], [144, 148], [149, 154]]"
220,36824,75,0,20210904,6412F,"[[0, 3], [4, 8], [9, 31], [68, 77], [78, 84], [85, 88]]"
221,36825,75,0,20210904,6014,"[[0, 3], [4, 8], [9, 31], [68, 77], [78, 84], [85, 88]]"
222,36826,75,0,20210904,6437F,"[[0, 3], [4, 8], [9, 31], [68, 77], [78, 84], [85, 88]]"
223,36827,75,0,20210904,6308F,"[[0, 3], [4, 8], [9, 31], [65, 77], [78, 84], [85, 88]]"
224,36828,75,0,20210904,6309F,"[[0, 3], [4, 8], [9, 31], [65, 77], [78, 84], [85, 88]]"
225,36829,75,0,20210904,6310F,"[[0, 3], [4, 8], [9, 31], [65, 77], [78, 84], [85, 88]]"
226,36830,75,0,20210904,6311,"[[0, 3], [4, 8], [9, 31], [65, 77], [78, 84], [85, 88]]"
227,36831,75,0,20210904,6312,"[[0, 3], [4, 8], [9, 31], [65, 77], [78, 84], [85, 88]]"
228,36832,75,0,20210904,6313,"[[0, 3], [4, 8], [9, 31], [64, 77], [78, 84], [85, 88]]"
229,36833,75,0,20210904,6314,"[[0, 3], [4, 8], [9, 31], [64, 77], [78, 84], [85, 88]]"
230,36834,75,0,20210904,5405,"[[0, 3], [4, 8], [9, 31], [64, 77], [78, 84], [85, 88]]"
231,36835,75,0,20210904,5406,"[[0, 3], [4, 8], [9, 31], [64, 77], [78, 82], [83, 88]]"
232,36836,75,0,20210904,5404,"[[0, 3], [4, 8], [9, 31], [64, 77], [78, 82], [83, 88]]"
233,36837,75,0,20210904,5408,"[[0, 3], [4, 8], [9, 31], [64, 77], [78, 82], [83, 88]]"
234,36838,75,0,20210904,5409,"[[0, 3], [4, 8], [9, 31], [64, 77], [78, 82], [83, 88]]"
235,36839,75,0,20210904,1047F,"[[0, 3], [4, 8], [9, 31], [64, 77], [78, 82], [83, 88]]"
236,36840,75,0,20210904,5400,"[[0, 2], [3, 7], [8, 15], [16, 27], [74, 81], [82, 84]]"
237,36841,75,0,20210904,5402,"[[0, 2], [3, 7], [8, 15], [16, 27], [74, 80]]"
238,36842,75,0,20210904,5399F,"[[0, 2], [3, 7], [8, 15], [16, 27], [74, 80]]"
239,36843,75,0,20210904,5403,"[[0, 2], [3, 7], [8, 15], [16, 27], [74, 80]]"
240,36844,75,0,20210904,5010,"[[0, 2], [3, 7], [8, 15], [16, 27], [74, 80]]"
241,36845,75,0,20210904,6501,"[[0, 2], [3, 7], [8, 15], [16, 27], [74, 80]]"
242,36846,75,0,20210904,6505,"[[0, 2], [3, 7], [8, 15], [16, 27], [74, 80]]"
243,36847,75,0,20210904,6504,"[[0, 2], [3, 7], [8, 15], [16, 27], [74, 80]]"
244,36848,75,0,20210904,4119F,"[[0, 2], [3, 8], [9, 15], [16, 27], [74, 80]]"
245,36849,75,0,20210904,6100,"[[0, 2], [3, 8], [9, 15], [16, 27], [74, 80]]"
246,36850,75,0,20210904,6122,"[[0, 2], [3, 8], [9, 15], [16, 27], [74, 80]]"
247,36851,75,0,20210904,2878F,"[[0, 2], [3, 8], [9, 15], [16, 27], [74, 80]]"
248,36852,75,0,20210904,2543F,"[[0, 2], [3, 8], [9, 15], [16, 27], [74, 80]]"
249,36853,75,0,20210904,6178,"[[0, 2], [3, 8], [9, 15], [16, 27], [74, 80]]"
250,36854,75,0,20210904,2720F,"[[0, 2], [3, 8], [9, 15], [16, 27], [74, 80]]"
251,36855,75,0,20210904,6012G,"[[0, 2], [3, 8], [9, 15], [16, 27], [64, 73], [74, 80], [81, 84]]"
252,36856,75,1,20210904,1059,"[[0, 32], [70, 74], [75, 88]]"
253,36857,75,1,20210904,5466,"[[0, 32], [70, 74], [75, 88]]"
254,36858,75,1,20210904,5467,"[[0, 32], [70, 74], [75, 88]]"
255,36859,75,1,20210904,5475,"[[0, 32], [70, 74], [75, 88]]"
256,36860,75,1,20210904,5469,"[[0, 32], [70, 74], [75, 88]]"
257,36861,75,1,20210904,5470,"[[0, 32], [70, 74], [75, 88]]"
258,36862,75,1,20210904,6361,"[[0, 32], [70, 72], [73, 88]]"
259,36863,75,1,20210904,6352,"[[0, 32], [70, 72], [73, 88]]"
260,36864,75,1,20210904,6353F,"[[0, 32], [70, 74], [75, 82], [83, 87]]"
261,36865,75,1,20210904,6354,"[[0, 32], [70, 74], [75, 82], [83, 87]]"
262,36866,75,1,20210904,6355F,"[[0, 32], [70, 74], [75, 82], [83, 87]]"
263,36867,75,1,20210904,6356F,"[[0, 32], [70, 74], [75, 82], [83, 87]]"
264,36868,75,1,20210904,6357F,"[[0, 32], [70, 74], [75, 82], [83, 87]]"
265,36869,75,1,20210904,6434F,"[[0, 32], [70, 74], [75, 82], [83, 87]]"
266,36870,75,1,20210904,6359F,"[[0, 32], [70, 74], [75, 82], [83, 87]]"
267,36871,75,1,20210904,6413F,"[[0, 34], [72, 76], [77, 84], [85, 89]]"
268,36872,75,1,20210904,6066G,"[[0, 34], [73, 76], [77, 84], [85, 89]]"
269,36873,75,1,20210904,2726F,"[[0, 34], [72, 76], [77, 84], [85, 89]]"
270,36874,75,1,20210904,6179,"[[0, 34], [72, 76], [77, 84], [85, 89]]"
271,36875,75,1,20210904,2537F,"[[0, 34], [72, 76], [77, 84], [85, 89]]"
272,36876,75,1,20210904,2879F,"[[0, 34], [72, 76], [77, 84], [85, 89]]"
273,36877,75,1,20210904,6174F,"[[0, 34], [72, 76], [77, 84], [85, 89]]"
274,36878,75,1,20210904,6171,"[[0, 34], [72, 76], [77, 84], [85, 89]]"
275,36879,75,1,20210904,4118F,"[[0, 34], [72, 76], [77, 84], [85, 89]]"
276,36880,75,1,20210904,6172,"[[0, 34], [72, 76], [77, 84], [85, 89]]"
277,36881,75,1,20210904,6552,"[[0, 34], [72, 76], [77, 84], [85, 89]]"
278,36882,75,1,20210904,6553,"[[0, 34], [72, 76], [77, 84], [85, 89]]"
279,36883,75,1,20210904,5081F,"[[0, 34], [72, 76], [77, 84], [85, 89]]"
280,36884,75,1,20210904,5471,"[[0, 34], [71, 76], [77, 84], [85, 89]]"
281,36885,75,1,20210904,5398F,"[[0, 34], [71, 76], [77, 84], [85, 89]]"
282,36886,75,1,20210904,5472,"[[0, 34], [71, 76], [77, 84], [85, 89]]"
283,36887,75,1,20210904,5474,"[[0, 34], [71, 76], [77, 84], [85, 89]]"
284,36888,75,0,20210911,2720F,"[[0, 3], [4, 9], [10, 15], [77, 83]]"
285,36888,75,0,20210918,2720F,"[[0, 3], [4, 9], [10, 15], [77, 83]]"
286,36889,75,0,20210911,6012G,"[[0, 3], [4, 9], [10, 15], [67, 76], [77, 83], [84, 88]]"
287,36889,75,0,20210918,6012G,"[[0, 3], [4, 9], [10, 15], [67, 76], [77, 83], [84, 88]]"
288,36890,75,0,20210911,6412F,"[[0, 3], [4, 9], [10, 30], [67, 76], [77, 83], [84, 88]]"
289,36890,75,0,20210918,6412F,"[[0, 3], [4, 9], [10, 30], [67, 76], [77, 83], [84, 88]]"
290,36891,75,0,20210911,6014,"[[0, 3], [4, 9], [10, 30], [67, 76], [77, 83], [84, 88]]"
291,36891,75,0,20210918,6014,"[[0, 3], [4, 9], [10, 30], [67, 76], [77, 83], [84, 88]]"
292,36892,75,0,20210911,6437F,"[[0, 3], [4, 9], [10, 30], [67, 76], [77, 83], [84, 88]]"
293,36892,75,0,20210918,6437F,"[[0, 3], [4, 9], [10, 30], [67, 76], [77, 83], [84, 88]]"
294,36893,75,0,20210911,6308F,"[[0, 3], [4, 9], [10, 30], [64, 76], [77, 83], [84, 88]]"
295,36893,75,0,20210918,6308F,"[[0, 3], [4, 9], [10, 30], [64, 76], [77, 83], [84, 88]]"
296,36894,75,0,20210911,6309F,"[[0, 3], [4, 9], [10, 30], [64, 76], [77, 83], [84, 88]]"
297,36894,75,0,20210918,6309F,"[[0, 3], [4, 9], [10, 30], [64, 76], [77, 83], [84, 88]]"
298,36895,75,0,20210911,6310F,"[[0, 3], [4, 9], [10, 30], [64, 76], [77, 83], [84, 88]]"
299,36895,75,0,20210918,6310F,"[[0, 3], [4, 9], [10, 30], [64, 76], [77, 83], [84, 88]]"
300,36896,75,0,20210911,6311,"[[0, 3], [4, 9], [10, 30], [64, 76], [77, 83], [84, 88]]"
301,36896,75,0,20210918,6311,"[[0, 3], [4, 9], [10, 30], [64, 76], [77, 83], [84, 88]]"
302,36897,75,0,20210911,6312,"[[0, 3], [4, 9], [10, 30], [64, 76], [77, 83], [84, 88]]"
303,36897,75,0,20210918,6312,"[[0, 3], [4, 9], [10, 30], [64, 76], [77, 83], [84, 88]]"
304,36898,75,0,20210911,6313,"[[0, 3], [4, 9], [10, 30], [63, 76], [77, 83], [84, 88]]"
305,36898,75,0,20210918,6313,"[[0, 3], [4, 9], [10, 30], [63, 76], [77, 83], [84, 88]]"
306,36899,75,0,20210911,6314,"[[0, 3], [4, 9], [10, 30], [63, 76], [77, 83], [84, 88]]"
307,36899,75,0,20210918,6314,"[[0, 3], [4, 9], [10, 30], [63, 76], [77, 83], [84, 88]]"
308,36900,75,0,20210911,5405,"[[0, 3], [4, 9], [10, 30], [63, 76], [77, 83], [84, 88]]"
309,36900,75,0,20210918,5405,"[[0, 3], [4, 9], [10, 30], [63, 76], [77, 83], [84, 88]]"
310,36901,75,0,20210911,5406,"[[0, 3], [4, 9], [10, 30], [63, 76], [77, 81], [82, 88]]"
311,36901,75,0,20210918,5406,"[[0, 3], [4, 9], [10, 30], [63, 76], [77, 81], [82, 88]]"
312,36902,75,0,20210911,5404,"[[0, 3], [4, 9], [10, 30], [63, 76], [77, 81], [82, 88]]"
313,36902,75,0,20210918,5404,"[[0, 3], [4, 9], [10, 30], [63, 76], [77, 81], [82, 88]]"
314,36903,75,0,20210911,5408,"[[0, 3], [4, 9], [10, 30], [63, 76], [77, 81], [82, 88]]"
315,36903,75,0,20210918,5408,"[[0, 3], [4, 9], [10, 30], [63, 76], [77, 81], [82, 88]]"
316,36904,75,0,20210911,5409,"[[0, 3], [4, 9], [10, 30], [63, 76], [77, 81], [82, 88]]"
317,36904,75,0,20210918,5409,"[[0, 3], [4, 9], [10, 30], [63, 76], [77, 81], [82, 88]]"
318,36905,75,0,20210911,1047F,"[[0, 3], [4, 9], [10, 30], [63, 76], [77, 81], [82, 88]]"
319,36905,75,0,20210918,1047F,"[[0, 3], [4, 9], [10, 30], [63, 76], [77, 81], [82, 88]]"
320,36906,75,0,20210911,5400,"[[0, 2], [3, 7], [8, 15], [16, 27], [74, 81], [82, 90]]"
321,36906,75,0,20210918,5400,"[[0, 2], [3, 7], [8, 15], [16, 27], [74, 81], [82, 90]]"
322,36907,75,0,20210911,5402,"[[0, 2], [3, 7], [8, 15], [16, 27], [74, 80]]"
323,36907,75,0,20210918,5402,"[[0, 2], [3, 7], [8, 15], [16, 27], [74, 80]]"
324,36908,75,0,20210911,5399F,"[[0, 2], [3, 7], [8, 15], [16, 27], [74, 80]]"
325,36908,75,0,20210918,5399F,"[[0, 2], [3, 7], [8, 15], [16, 27], [74, 80]]"
326,36909,75,0,20210911,5403,"[[0, 2], [3, 7], [8, 15], [16, 27], [74, 80]]"
327,36909,75,0,20210918,5403,"[[0, 2], [3, 7], [8, 15], [16, 27], [74, 80]]"
328,36910,75,0,20210911,5010,"[[0, 2], [3, 7], [8, 15], [16, 27], [74, 80]]"
329,36910,75,0,20210918,5010,"[[0, 2], [3, 7], [8, 15], [16, 27], [74, 80]]"
330,36911,75,0,20210911,6501,"[[0, 2], [3, 7], [8, 15], [16, 27], [74, 80]]"
331,36911,75,0,20210918,6501,"[[0, 2], [3, 7], [8, 15], [16, 27], [74, 80]]"
332,36912,75,0,20210911,6505,"[[0, 2], [3, 7], [8, 15], [16, 27], [74, 80]]"
333,36912,75,0,20210918,6505,"[[0, 2], [3, 7], [8, 15], [16, 27], [74, 80]]"
334,36913,75,0,20210911,6504,"[[0, 2], [3, 7], [8, 15], [16, 27], [74, 80]]"
335,36913,75,0,20210918,6504,"[[0, 2], [3, 7], [8, 15], [16, 27], [74, 80]]"
336,36914,75,0,20210911,4119F,"[[0, 2], [3, 8], [9, 15], [16, 27], [74, 80]]"
337,36914,75,0,20210918,4119F,"[[0, 2], [3, 8], [9, 15], [16, 27], [74, 80]]"
338,36915,75,0,20210911,6100,"[[0, 2], [3, 8], [9, 15], [16, 27], [74, 80]]"
339,36915,75,0,20210918,6100,"[[0, 2], [3, 8], [9, 15], [16, 27], [74, 80]]"
340,36916,75,0,20210911,6122,"[[0, 2], [3, 8], [9, 15], [16, 27], [74, 80]]"
341,36916,75,0,20210918,6122,"[[0, 2], [3, 8], [9, 15], [16, 27], [74, 80]]"
342,36917,75,0,20210911,2878F,"[[0, 2], [3, 8], [9, 15], [16, 27], [74, 80]]"
343,36917,75,0,20210918,2878F,"[[0, 2], [3, 8], [9, 15], [16, 27], [74, 80]]"
344,36918,75,0,20210911,2543F,"[[0, 2], [3, 8], [9, 15], [16, 27], [74, 80]]"
345,36918,75,0,20210918,2543F,"[[0, 2], [3, 8], [9, 15], [16, 27], [74, 80]]"
346,36919,75,0,20210911,6178,"[[0, 2], [3, 8], [9, 15], [16, 27], [74, 80]]"
347,36919,75,0,20210918,6178,"[[0, 2], [3, 8], [9, 15], [16, 27], [74, 80]]"
348,36920,75,1,20210911,1059,"[[0, 32], [70, 74], [75, 88]]"
349,36920,75,1,20210918,1059,"[[0, 32], [70, 74], [75, 88]]"
350,36921,75,1,20210911,5466,"[[0, 32], [70, 74], [75, 88]]"
351,36921,75,1,20210918,5466,"[[0, 32], [70, 74], [75, 88]]"
352,36922,75,1,20210911,5467,"[[0, 32], [70, 74], [75, 88]]"
353,36922,75,1,20210918,5467,"[[0, 32], [70, 74], [75, 88]]"
354,36923,75,1,20210911,5475,"[[0, 32], [70, 74], [75, 88]]"
355,36923,75,1,20210918,5475,"[[0, 32], [70, 74], [75, 88]]"
356,36924,75,1,20210911,5469,"[[0, 32], [70, 74], [75, 88]]"
357,36924,75,1,20210918,5469,"[[0, 32], [70, 74], [75, 88]]"
358,36925,75,1,20210911,5470,"[[0, 32], [70, 74], [75, 88]]"
359,36925,75,1,20210918,5470,"[[0, 32], [70, 74], [75, 88]]"
360,36926,75,1,20210911,6361,"[[0, 32], [70, 72], [73, 88]]"
361,36926,75,1,20210918,6361,"[[0, 32], [70, 72], [73, 88]]"
362,36927,75,1,20210911,6352,"[[0, 32], [70, 72], [73, 88]]"
363,36927,75,1,20210918,6352,"[[0, 32], [70, 72], [73, 88]]"
364,36928,75,1,20210911,6353F,"[[0, 32], [70, 74], [75, 82], [83, 87]]"
365,36928,75,1,20210918,6353F,"[[0, 32], [70, 74], [75, 82], [83, 87]]"
366,36929,75,1,20210911,6354,"[[0, 32], [70, 74], [75, 82], [83, 87]]"
367,36929,75,1,20210918,6354,"[[0, 32], [70, 74], [75, 82], [83, 87]]"
368,36930,75,1,20210911,6355F,"[[0, 32], [70, 74], [75, 82], [83, 87]]"
369,36930,75,1,20210918,6355F,"[[0, 32], [70, 74], [75, 82], [83, 87]]"
370,36931,75,1,20210911,6356F,"[[0, 32], [70, 74], [75, 82], [83, 87]]"
371,36931,75,1,20210918,6356F,"[[0, 32], [70, 74], [75, 82], [83, 87]]"
372,36932,75,1,20210911,6357F,"[[0, 32], [70, 74], [75, 82], [83, 87]]"
373,36932,75,1,20210918,6357F,"[[0, 32], [70, 74], [75, 82], [83, 87]]"
374,36933,75,1,20210911,6434F,"[[0, 32], [70, 74], [75, 82], [83, 87]]"
375,36933,75,1,20210918,6434F,"[[0, 32], [70, 74], [75, 82], [83, 87]]"
376,36934,75,1,20210911,6359F,"[[0, 32], [70, 74], [75, 82], [83, 87]]"
377,36934,75,1,20210918,6359F,"[[0, 32], [70, 74], [75, 82], [83, 87]]"
378,36935,75,1,20210911,6413F,"[[0, 32], [70, 74], [75, 82], [83, 87]]"
379,36935,75,1,20210918,6413F,"[[0, 32], [70, 74], [75, 82], [83, 87]]"
380,36936,75,1,20210911,6066G,"[[0, 32], [71, 74], [75, 82], [83, 87]]"
381,36936,75,1,20210918,6066G,"[[0, 32], [71, 74], [75, 82], [83, 87]]"
382,36937,75,1,20210911,2726F,"[[0, 34], [72, 76], [77, 84], [85, 89]]"
383,36937,75,1,20210918,2726F,"[[0, 34], [72, 76], [77, 84], [85, 89]]"
384,36938,75,1,20210911,6179,"[[0, 34], [72, 76], [77, 84], [85, 89]]"
385,36938,75,1,20210918,6179,"[[0, 34], [72, 76], [77, 84], [85, 89]]"
386,36939,75,1,20210911,2537F,"[[0, 34], [72, 76], [77, 84], [85, 89]]"
387,36939,75,1,20210918,2537F,"[[0, 34], [72, 76], [77, 84], [85, 89]]"
388,36940,75,1,20210911,2879F,"[[0, 34], [72, 76], [77, 84], [85, 89]]"
389,36940,75,1,20210918,2879F,"[[0, 34], [72, 76], [77, 84], [85, 89]]"
390,36941,75,1,20210911,6174F,"[[0, 34], [72, 76], [77, 84], [85, 89]]"
391,36941,75,1,20210918,6174F,"[[0, 34], [72, 76], [77, 84], [85, 89]]"
392,36942,75,1,20210911,6171,"[[0, 34], [72, 76], [77, 84], [85, 89]]"
393,36942,75,1,20210918,6171,"[[0, 34], [72, 76], [77, 84], [85, 89]]"
394,36943,75,1,20210911,4118F,"[[0, 34], [72, 76], [77, 84], [85, 89]]"
395,36943,75,1,20210918,4118F,"[[0, 34], [72, 76], [77, 84], [85, 89]]"
396,36944,75,1,20210911,6172,"[[0, 34], [72, 76], [77, 84], [85, 89]]"
397,36944,75,1,20210918,6172,"[[0, 34], [72, 76], [77, 84], [85, 89]]"
398,36945,75,1,20210911,6552,"[[0, 34], [72, 76], [77, 84], [85, 89]]"
399,36945,75,1,20210918,6552,"[[0, 34], [72, 76], [77, 84], [85, 89]]"
400,36946,75,1,20210911,6553,"[[0, 34], [72, 76], [77, 84], [85, 89]]"
401,36946,75,1,20210918,6553,"[[0, 34], [72, 76], [77, 84], [85, 89]]"
402,36947,75,1,20210911,5081F,"[[0, 34], [72, 76], [77, 84], [85, 89]]"
403,36947,75,1,20210918,5081F,"[[0, 34], [72, 76], [77, 84], [85, 89]]"
404,36948,75,1,20210911,5471,"[[0, 34], [71, 76], [77, 84], [85, 89]]"
405,36948,75,1,20210918,5471,"[[0, 34], [71, 76], [77, 84], [85, 89]]"
406,36949,75,1,20210911,5398F,"[[0, 34], [71, 76], [77, 84], [85, 89]]"
407,36949,75,1,20210918,5398F,"[[0, 34], [71, 76], [77, 84], [85, 89]]"
408,36950,75,1,20210911,5472,"[[0, 34], [71, 76], [77, 84], [85, 89]]"
409,36950,75,1,20210918,5472,"[[0, 34], [71, 76], [77, 84], [85, 89]]"
410,36951,75,1,20210911,5474,"[[0, 34], [71, 76], [77, 84], [85, 89]]"
411,36951,75,1,20210918,5474,"[[0, 34], [71, 76], [77, 84], [85, 89]]"
412,37016,75,1,20210905,1059,"[[0, 13], [32, 48], [49, 55]]"
413,37017,75,1,20210905,5466,"[[0, 13], [32, 48], [49, 55]]"
414,37018,75,1,20210905,5467,"[[0, 13], [32, 48], [49, 55]]"
415,37019,75,1,20210905,5475,"[[0, 13], [32, 48], [49, 55]]"
416,37020,75,1,20210905,5469,"[[0, 13], [32, 48], [49, 55]]"
417,37021,75,1,20210905,5470,"[[0, 9], [32, 48], [49, 54]]"
418,37022,75,1,20210905,6361,"[[0, 9], [32, 48], [49, 54]]"
419,37023,75,1,20210905,6352,"[[0, 9], [32, 48], [49, 54]]"
420,37024,75,1,20210905,6353F,"[[0, 9], [32, 48]]"
421,37025,75,1,20210905,6354,"[[0, 9], [32, 48]]"
422,37026,75,1,20210905,6355F,"[[0, 9], [32, 48]]"
423,37027,75,1,20210905,6356F,"[[0, 9], [32, 48]]"
424,37028,75,1,20210905,6357F,"[[0, 9], [32, 48]]"
425,37029,75,1,20210905,6434F,"[[0, 12], [32, 48]]"
426,37030,75,1,20210905,6359F,"[[0, 12], [32, 48]]"
427,37031,75,1,20210905,6413F,"[[0, 16], [36, 52]]"
428,37032,75,1,20210905,6066G,"[[0, 16], [36, 52]]"
429,37033,75,1,20210905,2726F,"[[0, 16], [36, 52]]"
430,37034,75,1,20210905,6179,"[[0, 16], [36, 52]]"
431,37035,75,1,20210905,2537F,"[[0, 16], [36, 52]]"
432,37036,75,1,20210905,2879F,"[[0, 16], [36, 52]]"
433,37037,75,1,20210905,6174F,"[[0, 16], [36, 52]]"
434,37038,75,1,20210905,6171,"[[0, 16], [36, 52]]"
435,37039,75,1,20210905,4118F,"[[0, 16], [36, 52]]"
436,37040,75,1,20210905,6172,"[[0, 16], [36, 52]]"
437,37041,75,1,20210905,6552,"[[0, 16], [36, 52]]"
438,37042,75,1,20210905,6553,"[[0, 19], [36, 52]]"
439,37043,75,1,20210905,5081F,"[[0, 19], [36, 52]]"
440,37044,75,1,20210905,5471,"[[0, 19], [36, 52]]"
441,37045,75,1,20210905,5398F,"[[0, 19], [36, 52]]"
442,37046,75,1,20210905,5472,"[[0, 19], [36, 52]]"
443,37047,75,1,20210905,5474,"[[0, 19], [36, 52]]"
444,37048,75,0,20210905,6412F,"[[0, 17], [68, 71]]"
445,37049,75,0,20210905,6014,"[[0, 17], [68, 71]]"
446,37050,75,0,20210905,6437F,"[[0, 17], [68, 71]]"
447,37051,75,0,20210905,6308F,"[[0, 17], [68, 71]]"
448,37052,75,0,20210905,6309F,"[[0, 17], [68, 71]]"
449,37053,75,0,20210905,6310F,"[[0, 17], [68, 71]]"
450,37054,75,0,20210905,6311,"[[0, 17], [68, 71]]"
451,37055,75,0,20210905,6312,"[[0, 17], [68, 71]]"
452,37056,75,0,20210905,6313,"[[0, 17], [68, 71]]"
453,37057,75,0,20210905,6314,"[[0, 17], [68, 71]]"
454,37058,75,0,20210905,5405,"[[0, 17], [68, 71]]"
455,37059,75,0,20210905,5406,"[[0, 17]]"
456,37060,75,0,20210905,5404,"[[0, 17]]"
457,37061,75,0,20210905,5408,"[[0, 17]]"
458,37062,75,0,20210905,5409,"[[0, 17]]"
459,37063,75,0,20210905,1047F,"[[0, 17]]"
460,37064,75,0,20210905,5400,"[[0, 16]]"
461,37065,75,0,20210905,5402,"[[0, 16]]"
462,37066,75,0,20210905,5399F,"[[0, 16]]"
463,37067,75,0,20210905,5403,"[[0, 16]]"
464,37068,75,0,20210905,5010,"[[0, 16]]"
465,37069,75,0,20210905,6501,"[[0, 16]]"
466,37070,75,0,20210905,6505,"[[0, 16]]"
467,37071,75,0,20210905,6504,"[[0, 16]]"
468,37072,75,0,20210905,4119F,"[[0, 16]]"
469,37073,75,0,20210905,6100,"[[0, 16]]"
470,37074,75,0,20210905,6122,"[[0, 16]]"
471,37075,75,0,20210905,2878F,"[[0, 16]]"
472,37076,75,0,20210905,2543F,"[[0, 16]]"
473,37077,75,0,20210905,6178,"[[0, 16]]"
474,37078,75,0,20210905,2720F,"[[0, 16]]"
475,37079,75,0,20210905,6012G,"[[0, 16], [67, 70]]"
476,37080,75,0,20210912,5400,"[[0, 16]]"
477,37081,75,0,20210912,5402,"[[0, 16]]"
478,37082,75,0,20210912,5399F,"[[0, 16]]"
479,37083,75,0,20210912,5403,"[[0, 16]]"
480,37084,75,0,20210912,5010,"[[0, 8]]"
481,37085,75,0,20210912,6501,"[[0, 8]]"
482,37086,75,0,20210912,6505,"[[0, 8]]"
483,37087,75,0,20210912,6504,"[[0, 8]]"
484,37088,75,0,20210912,4119F,"[[0, 8], [15, 16]]"
485,37089,75,0,20210912,6100,"[[0, 8], [15, 16]]"
486,37090,75,0,20210912,6122,"[[0, 8], [15, 16]]"
487,37091,75,0,20210912,2878F,"[[0, 8], [15, 16]]"
488,37092,75,0,20210912,2543F,"[[0, 8], [15, 16]]"
489,37093,75,0,20210912,6178,"[[0, 8], [15, 16]]"
490,37094,75,0,20210912,2720F,"[[0, 9], [16, 17]]"
491,37095,75,0,20210912,6012G,"[[0, 9], [16, 17], [69, 72]]"
492,37096,75,0,20210912,6412F,"[[0, 9], [16, 17], [69, 72]]"
493,37097,75,0,20210912,6014,"[[0, 9], [16, 17], [69, 72]]"
494,37098,75,0,20210912,6434F,"[[0, 9], [16, 17]]"
495,37099,75,1,20210912,1059,"[[0, 6]]"
496,37100,75,1,20210912,5466,"[[0, 10]]"
497,37101,75,1,20210912,5467,"[[0, 10]]"
498,37102,75,1,20210912,5475,"[[0, 10]]"
499,37103,75,1,20210912,5469,"[[0, 10]]"
500,37104,75,1,20210912,5470,"[[0, 10]]"
501,37105,75,1,20210912,6361,"[[0, 10]]"
502,37106,75,1,20210912,6352,"[[5, 21], [22, 28]]"
503,37107,75,1,20210912,6353F,"[[5, 21]]"
504,37108,75,1,20210912,6354,"[[5, 21]]"
505,37109,75,1,20210912,6355F,"[[5, 21]]"
506,37110,75,1,20210912,6356F,"[[5, 21]]"
507,37111,75,1,20210912,6357F,"[[5, 21]]"
508,37112,75,1,20210912,6434F,"[[0, 9], [16, 22], [31, 47]]"
509,37113,75,1,20210912,6359F,"[[0, 9], [16, 22], [31, 47]]"
510,37114,75,1,20210912,6413F,"[[0, 9], [16, 22], [31, 47]]"
511,37115,75,1,20210912,6066G,"[[0, 9], [16, 22], [31, 47], [48, 56]]"
512,37116,75,1,20210912,2726F,"[[0, 13]]"
513,37117,75,1,20210912,6179,"[[0, 13]]"
514,37118,75,1,20210912,2537F,"[[0, 13]]"
515,37119,75,1,20210912,2879F,"[[0, 13]]"
516,37120,75,1,20210912,6174F,"[[0, 13]]"
517,37121,75,1,20210912,6171,"[[0, 13]]"
518,37122,75,1,20210912,4118F,"[[0, 13]]"
519,37123,75,1,20210912,6172,"[[0, 13]]"
520,37124,75,1,20210912,6552,"[[0, 13]]"
521,37125,75,1,20210912,6553,"[[0, 13]]"
522,37126,75,1,20210912,5081F,"[[0, 13]]"
523,37127,75,1,20210912,5471,"[[0, 13]]"
524,37128,75,1,20210912,5398F,"[[0, 13]]"
525,37129,75,1,20210912,5472,"[[0, 13]]"
526,37130,75,1,20210912,5474,"[[0, 13]]"
527,37131,75,0,20210912,6437F,"[[43, 46]]"
528,37132,75,0,20210912,6308F,"[[43, 46]]"
529,37133,75,0,20210912,6309F,"[[43, 46]]"
530,37134,75,0,20210912,6310F,"[[43, 46]]"
531,37135,75,0,20210912,6311,"[[43, 46]]"
532,37136,75,0,20210912,6312,"[[43, 46]]"
533,37137,75,0,20210912,6313,"[[43, 46]]"
534,37138,75,0,20210912,6314,"[[0, 4], [12, 27], [72, 75]]"
535,37139,75,0,20210912,5405,"[[0, 4], [12, 19], [72, 75]]"
536,37140,75,0,20210912,5406,"[[0, 4], [12, 19]]"
537,37141,75,0,20210912,5404,"[[0, 4], [12, 19]]"
538,37142,75,0,20210912,5408,"[[0, 4], [12, 19]]"
539,37143,75,0,20210912,5409,"[[0, 4], [12, 19]]"
540,37144,75,0,20210912,1047F,"[[0, 4], [12, 19]]"
541,37145,75,1,20210912,1046G,"[[0, 9]]"
542,37146,8,1,20210906,1258G,"[[0, 21], [61, 91]]"
543,37146,8,1,20210907,1258G,"[[0, 21], [61, 91]]"
544,37146,8,1,20210908,1258G,"[[0, 21], [61, 91]]"
545,37146,8,1,20210909,1258G,"[[0, 21], [61, 91]]"
546,37146,8,1,20210910,1258G,"[[0, 21], [61, 91]]"
547,37146,8,1,20210913,1258G,"[[0, 21], [61, 91]]"
548,37146,8,1,20210914,1258G,"[[0, 21], [61, 91]]"
549,37146,8,1,20210915,1258G,"[[0, 21], [61, 91]]"
550,37146,8,1,20210916,1258G,"[[0, 21], [61, 91]]"
551,37146,8,1,20210917,1258G,"[[0, 21], [61, 91]]"
552,37147,8,1,20210906,5756F,"[[0, 21], [22, 27], [28, 33], [34, 39], [61, 91]]"
553,37147,8,1,20210907,5756F,"[[0, 21], [22, 27], [28, 33], [34, 39], [61, 91]]"
554,37147,8,1,20210908,5756F,"[[0, 21], [22, 27], [28, 33], [34, 39], [61, 91]]"
555,37147,8,1,20210909,5756F,"[[0, 21], [22, 27], [28, 33], [34, 39], [61, 91]]"
556,37147,8,1,20210910,5756F,"[[0, 21], [22, 27], [28, 33], [34, 39], [61, 91]]"
557,37147,8,1,20210913,5756F,"[[0, 21], [22, 27], [28, 33], [34, 39], [61, 91]]"
558,37147,8,1,20210914,5756F,"[[0, 21], [22, 27], [28, 33], [34, 39], [61, 91]]"
559,37147,8,1,20210915,5756F,"[[0, 21], [22, 27], [28, 33], [34, 39], [61, 91]]"
560,37147,8,1,20210916,5756F,"[[0, 21], [22, 27], [28, 33], [34, 39], [61, 91]]"
561,37147,8,1,20210917,5756F,"[[0, 21], [22, 27], [28, 33], [34, 39], [61, 91]]"
562,37148,8,1,20210906,2663G,"[[30, 35], [36, 41], [42, 47], [70, 100]]"
563,37148,8,1,20210907,2663G,"[[30, 35], [36, 41], [42, 47], [70, 100]]"
564,37148,8,1,20210908,2663G,"[[30, 35], [36, 41], [42, 47], [70, 100]]"
565,37148,8,1,20210909,2663G,"[[30, 35], [36, 41], [42, 47], [70, 100]]"
566,37148,8,1,20210910,2663G,"[[30, 35], [36, 41], [42, 47], [70, 100]]"
567,37148,8,1,20210913,2663G,"[[30, 35], [36, 41], [42, 47], [70, 100]]"
568,37148,8,1,20210914,2663G,"[[38, 43], [44, 49], [50, 55], [78, 108]]"
569,37148,8,1,20210915,2663G,"[[30, 35], [36, 41], [42, 47], [70, 100]]"
570,37148,8,1,20210916,2663G,"[[30, 35], [36, 41], [42, 47], [70, 100]]"
571,37148,8,1,20210917,2663G,"[[30, 35], [36, 41], [42, 47], [70, 100]]"
572,37149,8,1,20210906,2669F,"[[30, 35], [36, 41], [42, 47], [70, 92], [93, 97], [98, 100]]"
573,37149,8,1,20210907,2669F,"[[30, 35], [36, 41], [42, 47], [70, 92], [93, 97], [98, 100]]"
574,37149,8,1,20210908,2669F,"[[30, 35], [36, 41], [42, 47], [70, 92], [93, 97], [98, 100]]"
575,37149,8,1,20210909,2669F,"[[30, 35], [36, 41], [42, 47], [70, 92], [93, 97], [98, 100]]"
576,37149,8,1,20210910,2669F,"[[30, 35], [36, 41], [42, 47], [70, 92], [93, 97], [98, 100]]"
577,37149,8,1,20210913,2669F,"[[30, 35], [36, 41], [42, 47], [70, 92], [93, 97], [98, 100]]"
578,37149,8,1,20210914,2669F,"[[38, 43], [44, 49], [50, 55], [78, 100], [101, 105], [106, 108]]"
579,37149,8,1,20210915,2669F,"[[30, 35], [36, 41], [42, 47], [70, 92], [93, 97], [98, 100]]"
580,37149,8,1,20210916,2669F,"[[30, 35], [36, 41], [42, 47], [70, 92], [93, 97], [98, 100]]"
581,37149,8,1,20210917,2669F,"[[30, 35], [36, 41], [42, 47], [70, 92], [93, 97], [98, 100]]"
582,37150,8,1,20210906,2665F,"[[30, 35], [36, 41], [42, 47], [70, 92], [93, 97], [98, 100]]"
583,37150,8,1,20210907,2665F,"[[30, 35], [36, 41], [42, 47], [70, 92], [93, 97], [98, 100]]"
584,37150,8,1,20210908,2665F,"[[30, 35], [36, 41], [42, 47], [70, 92], [93, 97], [98, 100]]"
585,37150,8,1,20210909,2665F,"[[30, 35], [36, 41], [42, 47], [70, 92], [93, 97], [98, 100]]"
586,37150,8,1,20210910,2665F,"[[30, 35], [36, 41], [42, 47], [70, 92], [93, 97], [98, 100]]"
587,37150,8,1,20210913,2665F,"[[30, 35], [36, 41], [42, 47], [70, 92], [93, 97], [98, 100]]"
588,37150,8,1,20210914,2665F,"[[38, 43], [44, 49], [50, 55], [78, 100], [101, 105], [106, 108]]"
589,37150,8,1,20210915,2665F,"[[30, 35], [36, 41], [42, 47], [70, 92], [93, 97], [98, 100]]"
590,37150,8,1,20210916,2665F,"[[30, 35], [36, 41], [42, 47], [70, 92], [93, 97], [98, 100]]"
591,37150,8,1,20210917,2665F,"[[30, 35], [36, 41], [42, 47], [70, 92], [93, 97], [98, 100]]"
592,37151,8,1,20210906,5152G,"[[31, 36], [37, 42], [43, 48], [71, 93], [94, 98], [99, 101]]"
593,37151,8,1,20210907,5152G,"[[31, 36], [37, 42], [43, 48], [71, 93], [94, 98], [99, 101]]"
594,37151,8,1,20210908,5152G,"[[31, 36], [37, 42], [43, 48], [71, 93], [94, 98], [99, 101]]"
595,37151,8,1,20210909,5152G,"[[31, 36], [37, 42], [43, 48], [71, 93], [94, 98], [99, 101]]"
596,37151,8,1,20210910,5152G,"[[31, 36], [37, 42], [43, 48], [71, 93], [94, 98], [99, 101]]"
597,37151,8,1,20210913,5152G,"[[31, 36], [37, 42], [43, 48], [71, 93], [94, 98], [99, 101]]"
598,37151,8,1,20210914,5152G,"[[39, 44], [45, 50], [51, 56], [79, 101], [102, 106], [107, 109]]"
599,37151,8,1,20210915,5152G,"[[31, 36], [37, 42], [43, 48], [71, 93], [94, 98], [99, 101]]"
600,37151,8,1,20210916,5152G,"[[31, 36], [37, 42], [43, 48], [71, 93], [94, 98], [99, 101]]"
601,37151,8,1,20210917,5152G,"[[31, 36], [37, 42], [43, 48], [71, 93], [94, 98], [99, 101]]"
602,37152,8,1,20210906,5161F,"[[31, 36], [37, 42], [43, 48], [71, 93], [94, 98], [99, 101]]"
603,37152,8,1,20210907,5161F,"[[31, 36], [37, 42], [43, 48], [71, 93], [94, 98], [99, 101]]"
604,37152,8,1,20210908,5161F,"[[31, 36], [37, 42], [43, 48], [71, 93], [94, 98], [99, 101]]"
605,37152,8,1,20210909,5161F,"[[31, 36], [37, 42], [43, 48], [71, 93], [94, 98], [99, 101]]"
606,37152,8,1,20210910,5161F,"[[31, 36], [37, 42], [43, 48], [71, 93], [94, 98], [99, 101]]"
607,37152,8,1,20210913,5161F,"[[31, 36], [37, 42], [43, 48], [71, 93], [94, 98], [99, 101]]"
608,37152,8,1,20210914,5161F,"[[39, 44], [45, 50], [51, 56], [79, 101], [102, 106], [107, 109]]"
609,37152,8,1,20210915,5161F,"[[31, 36], [37, 42], [43, 48], [71, 93], [94, 98], [99, 101]]"
610,37152,8,1,20210916,5161F,"[[31, 36], [37, 42], [43, 48], [71, 93], [94, 98], [99, 101]]"
611,37152,8,1,20210917,5161F,"[[31, 36], [37, 42], [43, 48], [71, 93], [94, 98], [99, 101]]"
612,37153,8,1,20210906,2667F,"[[31, 36], [37, 42], [43, 48], [71, 93], [94, 98], [99, 101]]"
613,37153,8,1,20210907,2667F,"[[31, 36], [37, 42], [43, 48], [71, 93], [94, 98], [99, 101]]"
614,37153,8,1,20210908,2667F,"[[31, 36], [37, 42], [43, 48], [71, 93], [94, 98], [99, 101]]"
615,37153,8,1,20210909,2667F,"[[31, 36], [37, 42], [43, 48], [71, 93], [94, 98], [99, 101]]"
616,37153,8,1,20210910,2667F,"[[31, 36], [37, 42], [43, 48], [71, 93], [94, 98], [99, 101]]"
617,37153,8,1,20210913,2667F,"[[31, 36], [37, 42], [43, 48], [71, 93], [94, 98], [99, 101]]"
618,37153,8,1,20210914,2667F,"[[39, 44], [45, 50], [51, 56], [79, 101], [102, 106], [107, 109]]"
619,37153,8,1,20210915,2667F,"[[31, 36], [37, 42], [43, 48], [71, 93], [94, 98], [99, 101]]"
620,37153,8,1,20210916,2667F,"[[31, 36], [37, 42], [43, 48], [71, 93], [94, 98], [99, 101]]"
621,37153,8,1,20210917,2667F,"[[31, 36], [37, 42], [43, 48], [71, 93], [94, 98], [99, 101]]"
622,37154,8,1,20210906,2668,"[[31, 36], [37, 42], [43, 48], [71, 93], [94, 98], [99, 101]]"
623,37154,8,1,20210907,2668,"[[31, 36], [37, 42], [43, 48], [71, 93], [94, 98], [99, 101]]"
624,37154,8,1,20210908,2668,"[[31, 36], [37, 42], [43, 48], [71, 93], [94, 98], [99, 101]]"
625,37154,8,1,20210909,2668,"[[31, 36], [37, 42], [43, 48], [71, 93], [94, 98], [99, 101]]"
626,37154,8,1,20210910,2668,"[[31, 36], [37, 42], [43, 48], [71, 93], [94, 98], [99, 101]]"
627,37154,8,1,20210913,2668,"[[31, 36], [37, 42], [43, 48], [71, 93], [94, 98], [99, 101]]"
628,37154,8,1,20210914,2668,"[[39, 44], [45, 50], [51, 56], [79, 101], [102, 106], [107, 109]]"
629,37154,8,1,20210915,2668,"[[31, 36], [37, 42], [43, 48], [71, 93], [94, 98], [99, 101]]"
630,37154,8,1,20210916,2668,"[[31, 36], [37, 42], [43, 48], [71, 93], [94, 98], [99, 101]]"
631,37154,8,1,20210917,2668,"[[31, 36], [37, 42], [43, 48], [71, 93], [94, 98], [99, 101]]"
632,37155,8,1,20210906,5155,"[[31, 36], [37, 42], [43, 48], [71, 93], [94, 98], [99, 101]]"
633,37155,8,1,20210907,5155,"[[31, 36], [37, 42], [43, 48], [71, 93], [94, 98], [99, 101]]"
634,37155,8,1,20210908,5155,"[[31, 36], [37, 42], [43, 48], [71, 93], [94, 98], [99, 101]]"
635,37155,8,1,20210909,5155,"[[31, 36], [37, 42], [43, 48], [71, 93], [94, 98], [99, 101]]"
636,37155,8,1,20210910,5155,"[[31, 36], [37, 42], [43, 48], [71, 93], [94, 98], [99, 101]]"
637,37155,8,1,20210913,5155,"[[31, 36], [37, 42], [43, 48], [71, 93], [94, 98], [99, 101]]"
638,37155,8,1,20210914,5155,"[[39, 44], [45, 50], [51, 56], [79, 101], [102, 106], [107, 109]]"
639,37155,8,1,20210915,5155,"[[31, 36], [37, 42], [43, 48], [71, 93], [94, 98], [99, 101]]"
640,37155,8,1,20210916,5155,"[[31, 36], [37, 42], [43, 48], [71, 93], [94, 98], [99, 101]]"
641,37155,8,1,20210917,5155,"[[31, 36], [37, 42], [43, 48], [71, 93], [94, 98], [99, 101]]"
642,37156,8,1,20210906,5151,"[[31, 36], [37, 42], [43, 48], [71, 93], [94, 98], [99, 101]]"
643,37156,8,1,20210907,5151,"[[31, 36], [37, 42], [43, 48], [71, 93], [94, 98], [99, 101]]"
644,37156,8,1,20210908,5151,"[[31, 36], [37, 42], [43, 48], [71, 93], [94, 98], [99, 101]]"
645,37156,8,1,20210909,5151,"[[31, 36], [37, 42], [43, 48], [71, 93], [94, 98], [99, 101]]"
646,37156,8,1,20210910,5151,"[[31, 36], [37, 42], [43, 48], [71, 93], [94, 98], [99, 101]]"
647,37156,8,1,20210913,5151,"[[31, 36], [37, 42], [43, 48], [71, 93], [94, 98], [99, 101]]"
648,37156,8,1,20210914,5151,"[[39, 44], [45, 50], [51, 56], [79, 101], [102, 106], [107, 109]]"
649,37156,8,1,20210915,5151,"[[31, 36], [37, 42], [43, 48], [71, 93], [94, 98], [99, 101]]"
650,37156,8,1,20210916,5151,"[[31, 36], [37, 42], [43, 48], [71, 93], [94, 98], [99, 101]]"
651,37156,8,1,20210917,5151,"[[31, 36], [37, 42], [43, 48], [71, 93], [94, 98], [99, 101]]"
652,37157,8,1,20210906,5159F,"[[0, 2]]"
653,37157,8,1,20210907,5159F,"[[0, 2]]"
654,37157,8,1,20210908,5159F,"[[0, 2]]"
655,37157,8,1,20210909,5159F,"[[0, 2]]"
656,37157,8,1,20210910,5159F,"[[0, 2]]"
657,37157,8,1,20210913,5159F,"[[0, 2]]"
658,37157,8,1,20210914,5159F,"[[0, 2]]"
659,37157,8,1,20210915,5159F,"[[0, 2]]"
660,37157,8,1,20210916,5159F,"[[0, 2]]"
661,37157,8,1,20210917,5159F,"[[0, 2]]"
662,37158,8,1,20210906,5175,"[[33, 38], [39, 45], [46, 50], [73, 95], [96, 100]]"
663,37158,8,1,20210907,5175,"[[33, 38], [39, 45], [46, 50], [73, 95], [96, 100]]"
664,37158,8,1,20210908,5175,"[[33, 38], [39, 45], [46, 50], [73, 95], [96, 100]]"
665,37158,8,1,20210909,5175,"[[33, 38], [39, 45], [46, 50], [73, 95], [96, 100]]"
666,37158,8,1,20210910,5175,"[[33, 38], [39, 45], [46, 50], [73, 95], [96, 100]]"
667,37158,8,1,20210913,5175,"[[33, 38], [39, 45], [46, 50], [73, 95], [96, 100]]"
668,37158,8,1,20210914,5175,"[[41, 46], [47, 53], [54, 58], [81, 103], [104, 108]]"
669,37158,8,1,20210915,5175,"[[33, 38], [39, 45], [46, 50], [73, 95], [96, 100]]"
670,37158,8,1,20210916,5175,"[[33, 38], [39, 45], [46, 50], [73, 95], [96, 100]]"
671,37158,8,1,20210917,5175,"[[33, 38], [39, 45], [46, 50], [73, 95], [96, 100]]"
672,37159,8,1,20210906,5158,"[[33, 38], [39, 45], [46, 50], [73, 95], [96, 100]]"
673,37159,8,1,20210907,5158,"[[33, 38], [39, 45], [46, 50], [73, 95], [96, 100]]"
674,37159,8,1,20210908,5158,"[[33, 38], [39, 45], [46, 50], [73, 95], [96, 100]]"
675,37159,8,1,20210909,5158,"[[33, 38], [39, 45], [46, 50], [73, 95], [96, 100]]"
676,37159,8,1,20210910,5158,"[[33, 38], [39, 45], [46, 50], [73, 95], [96, 100]]"
677,37159,8,1,20210913,5158,"[[33, 38], [39, 45], [46, 50], [73, 95], [96, 100]]"
678,37159,8,1,20210914,5158,"[[41, 46], [47, 53], [54, 58], [81, 103], [104, 108]]"
679,37159,8,1,20210915,5158,"[[33, 38], [39, 45], [46, 50], [73, 95], [96, 100]]"
680,37159,8,1,20210916,5158,"[[33, 38], [39, 45], [46, 50], [73, 95], [96, 100]]"
681,37159,8,1,20210917,5158,"[[33, 38], [39, 45], [46, 50], [73, 95], [96, 100]]"
682,37160,8,1,20210906,2462F,"[[33, 38], [39, 45], [46, 50], [73, 95], [96, 100]]"
683,37160,8,1,20210907,2462F,"[[33, 38], [39, 45], [46, 50], [73, 95], [96, 100]]"
684,37160,8,1,20210908,2462F,"[[33, 38], [39, 45], [46, 50], [73, 95], [96, 100]]"
685,37160,8,1,20210909,2462F,"[[33, 38], [39, 45], [46, 50], [73, 95], [96, 100]]"
686,37160,8,1,20210910,2462F,"[[33, 38], [39, 45], [46, 50], [73, 95], [96, 100]]"
687,37160,8,1,20210913,2462F,"[[33, 38], [39, 45], [46, 50], [73, 95], [96, 100]]"
688,37160,8,1,20210914,2462F,"[[41, 46], [47, 53], [54, 58], [81, 103], [104, 108]]"
689,37160,8,1,20210915,2462F,"[[33, 38], [39, 45], [46, 50], [73, 95], [96, 100]]"
690,37160,8,1,20210916,2462F,"[[33, 38], [39, 45], [46, 50], [73, 95], [96, 100]]"
691,37160,8,1,20210917,2462F,"[[33, 38], [39, 45], [46, 50], [73, 95], [96, 100]]"
692,37161,8,1,20210906,2463F,"[[33, 38], [39, 45], [46, 50], [73, 95], [96, 100]]"
693,37161,8,1,20210907,2463F,"[[33, 38], [39, 45], [46, 50], [73, 95], [96, 100]]"
694,37161,8,1,20210908,2463F,"[[33, 38], [39, 45], [46, 50], [73, 95], [96, 100]]"
695,37161,8,1,20210909,2463F,"[[33, 38], [39, 45], [46, 50], [73, 95], [96, 100]]"
696,37161,8,1,20210910,2463F,"[[33, 38], [39, 45], [46, 50], [73, 95], [96, 100]]"
697,37161,8,1,20210913,2463F,"[[33, 38], [39, 45], [46, 50], [73, 95], [96, 100]]"
698,37161,8,1,20210914,2463F,"[[41, 46], [47, 53], [54, 58], [81, 103], [104, 108]]"
699,37161,8,1,20210915,2463F,"[[33, 38], [39, 45], [46, 50], [73, 95], [96, 100]]"
700,37161,8,1,20210916,2463F,"[[33, 38], [39, 45], [46, 50], [73, 95], [96, 100]]"
701,37161,8,1,20210917,2463F,"[[33, 38], [39, 45], [46, 50], [73, 95], [96, 100]]"
702,37162,8,1,20210906,2333F,"[[33, 38], [39, 45], [46, 50], [73, 95], [96, 100]]"
703,37162,8,1,20210907,2333F,"[[33, 38], [39, 45], [46, 50], [73, 95], [96, 100]]"
704,37162,8,1,20210908,2333F,"[[33, 38], [39, 45], [46, 50], [73, 95], [96, 100]]"
705,37162,8,1,20210909,2333F,"[[33, 38], [39, 45], [46, 50], [73, 95], [96, 100]]"
706,37162,8,1,20210910,2333F,"[[33, 38], [39, 45], [46, 50], [73, 95], [96, 100]]"
707,37162,8,1,20210913,2333F,"[[33, 38], [39, 45], [46, 50], [73, 95], [96, 100]]"
708,37162,8,1,20210914,2333F,"[[41, 46], [47, 53], [54, 58], [81, 103], [104, 108]]"
709,37162,8,1,20210915,2333F,"[[33, 38], [39, 45], [46, 50], [73, 95], [96, 100]]"
710,37162,8,1,20210916,2333F,"[[33, 38], [39, 45], [46, 50], [73, 95], [96, 100]]"
711,37162,8,1,20210917,2333F,"[[33, 38], [39, 45], [46, 50], [73, 95], [96, 100]]"
712,37163,8,1,20210906,6077F,"[[33, 38], [39, 45], [46, 50], [73, 86], [87, 91], [92, 95], [96, 100]]"
713,37163,8,1,20210907,6077F,"[[33, 38], [39, 45], [46, 50], [73, 86], [87, 91], [92, 95], [96, 100]]"
714,37163,8,1,20210908,6077F,"[[33, 38], [39, 45], [46, 50], [73, 86], [87, 91], [92, 95], [96, 100]]"
715,37163,8,1,20210909,6077F,"[[33, 38], [39, 45], [46, 50], [73, 86], [87, 91], [92, 95], [96, 100]]"
716,37163,8,1,20210910,6077F,"[[33, 38], [39, 45], [46, 50], [73, 86], [87, 91], [92, 95], [96, 100]]"
717,37163,8,1,20210913,6077F,"[[33, 38], [39, 45], [46, 50], [73, 86], [87, 91], [92, 95], [96, 100]]"
718,37163,8,1,20210914,6077F,"[[41, 46], [47, 53], [54, 58], [81, 94], [95, 99], [100, 103], [104, 108]]"
719,37163,8,1,20210915,6077F,"[[33, 38], [39, 45], [46, 50], [73, 86], [87, 91], [92, 95], [96, 100]]"
720,37163,8,1,20210916,6077F,"[[33, 38], [39, 45], [46, 50], [73, 86], [87, 91], [92, 95], [96, 100]]"
721,37163,8,1,20210917,6077F,"[[33, 38], [39, 45], [46, 50], [73, 86], [87, 91], [92, 95], [96, 100]]"
722,37164,8,1,20210906,6109,"[[33, 38], [39, 45], [46, 50], [73, 86], [87, 91], [92, 95], [96, 100]]"
723,37164,8,1,20210907,6109,"[[33, 38], [39, 45], [46, 50], [73, 86], [87, 91], [92, 95], [96, 100]]"
724,37164,8,1,20210908,6109,"[[33, 38], [39, 45], [46, 50], [73, 86], [87, 91], [92, 95], [96, 100]]"
725,37164,8,1,20210909,6109,"[[33, 38], [39, 45], [46, 50], [73, 86], [87, 91], [92, 95], [96, 100]]"
726,37164,8,1,20210910,6109,"[[33, 38], [39, 45], [46, 50], [73, 86], [87, 91], [92, 95], [96, 100]]"
727,37164,8,1,20210913,6109,"[[33, 38], [39, 45], [46, 50], [73, 86], [87, 91], [92, 95], [96, 100]]"
728,37164,8,1,20210914,6109,"[[41, 46], [47, 53], [54, 58], [81, 94], [95, 99], [100, 103], [104, 108]]"
729,37164,8,1,20210915,6109,"[[33, 38], [39, 45], [46, 50], [73, 86], [87, 91], [92, 95], [96, 100]]"
730,37164,8,1,20210916,6109,"[[33, 38], [39, 45], [46, 50], [73, 86], [87, 91], [92, 95], [96, 100]]"
731,37164,8,1,20210917,6109,"[[33, 38], [39, 45], [46, 50], [73, 86], [87, 91], [92, 95], [96, 100]]"
732,37165,8,1,20210906,6427F,"[[33, 38], [39, 45], [46, 50], [73, 86], [87, 91], [92, 95], [96, 100]]"
733,37165,8,1,20210907,6427F,"[[33, 38], [39, 45], [46, 50], [73, 86], [87, 91], [92, 95], [96, 100]]"
734,37165,8,1,20210908,6427F,"[[33, 38], [39, 45], [46, 50], [73, 86], [87, 91], [92, 95], [96, 100]]"
735,37165,8,1,20210909,6427F,"[[33, 38], [39, 45], [46, 50], [73, 86], [87, 91], [92, 95], [96, 100]]"
736,37165,8,1,20210910,6427F,"[[33, 38], [39, 45], [46, 50], [73, 86], [87, 91], [92, 95], [96, 100]]"
737,37165,8,1,20210913,6427F,"[[33, 38], [39, 45], [46, 50], [73, 86], [87, 91], [92, 95], [96, 100]]"
738,37165,8,1,20210914,6427F,"[[41, 46], [47, 53], [54, 58], [81, 94], [95, 99], [100, 103], [104, 108]]"
739,37165,8,1,20210915,6427F,"[[33, 38], [39, 45], [46, 50], [73, 86], [87, 91], [92, 95], [96, 100]]"
740,37165,8,1,20210916,6427F,"[[33, 38], [39, 45], [46, 50], [73, 86], [87, 91], [92, 95], [96, 100]]"
741,37165,8,1,20210917,6427F,"[[33, 38], [39, 45], [46, 50], [73, 86], [87, 91], [92, 95], [96, 100]]"
742,37166,8,1,20210906,6430F,"[[34, 40], [81, 85], [86, 89], [90, 94]]"
743,37166,8,1,20210907,6430F,"[[34, 40], [81, 85], [86, 89], [90, 94]]"
744,37166,8,1,20210908,6430F,"[[34, 40], [81, 85], [86, 89], [90, 94]]"
745,37166,8,1,20210909,6430F,"[[34, 40], [81, 85], [86, 89], [90, 94]]"
746,37166,8,1,20210910,6430F,"[[34, 40], [81, 85], [86, 89], [90, 94]]"
747,37166,8,1,20210913,6430F,"[[34, 40], [81, 85], [86, 89], [90, 94]]"
748,37166,8,1,20210914,6430F,"[[34, 40], [81, 85], [86, 89], [90, 94]]"
749,37166,8,1,20210915,6430F,"[[34, 40], [81, 85], [86, 89], [90, 94]]"
750,37166,8,1,20210916,6430F,"[[34, 40], [81, 85], [86, 89], [90, 94]]"
751,37166,8,1,20210917,6430F,"[[34, 40], [81, 85], [86, 89], [90, 94]]"
752,37167,8,1,20210906,5066F,"[[0, 27], [28, 33], [34, 40], [41, 45], [46, 55], [67, 80], [81, 85], [86, 89], [90, 94]]"
753,37167,8,1,20210907,5066F,"[[0, 27], [28, 33], [34, 40], [41, 45], [46, 55], [67, 80], [81, 85], [86, 89], [90, 94]]"
754,37167,8,1,20210908,5066F,"[[0, 27], [28, 33], [34, 40], [41, 45], [46, 55], [67, 80], [81, 85], [86, 89], [90, 94]]"
755,37167,8,1,20210909,5066F,"[[0, 27], [28, 33], [34, 40], [41, 45], [46, 55], [67, 80], [81, 85], [86, 89], [90, 94]]"
756,37167,8,1,20210910,5066F,"[[0, 27], [28, 33], [34, 40], [41, 45], [46, 55], [67, 80], [81, 85], [86, 89], [90, 94]]"
757,37167,8,1,20210913,5066F,"[[0, 27], [28, 33], [34, 40], [41, 45], [46, 55], [67, 80], [81, 85], [86, 89], [90, 94]]"
758,37167,8,1,20210914,5066F,"[[0, 27], [28, 33], [34, 40], [41, 45], [46, 55], [67, 80], [81, 85], [86, 89], [90, 94]]"
759,37167,8,1,20210915,5066F,"[[0, 27], [28, 33], [34, 40], [41, 45], [46, 55], [67, 80], [81, 85], [86, 89], [90, 94]]"
760,37167,8,1,20210916,5066F,"[[0, 27], [28, 33], [34, 40], [41, 45], [46, 55], [67, 80], [81, 85], [86, 89], [90, 94]]"
761,37167,8,1,20210917,5066F,"[[0, 27], [28, 33], [34, 40], [41, 45], [46, 55], [67, 80], [81, 85], [86, 89], [90, 94]]"
762,37168,8,1,20210906,5068F,"[[34, 40], [81, 85], [86, 89], [90, 94]]"
763,37168,8,1,20210907,5068F,"[[34, 40], [81, 85], [86, 89], [90, 94]]"
764,37168,8,1,20210908,5068F,"[[34, 40], [81, 85], [86, 89], [90, 94]]"
765,37168,8,1,20210909,5068F,"[[34, 40], [81, 85], [86, 89], [90, 94]]"
766,37168,8,1,20210910,5068F,"[[34, 40], [81, 85], [86, 89], [90, 94]]"
767,37168,8,1,20210913,5068F,"[[34, 40], [81, 85], [86, 89], [90, 94]]"
768,37168,8,1,20210914,5068F,"[[34, 40], [81, 85], [86, 89], [90, 94]]"
769,37168,8,1,20210915,5068F,"[[34, 40], [81, 85], [86, 89], [90, 94]]"
770,37168,8,1,20210916,5068F,"[[34, 40], [81, 85], [86, 89], [90, 94]]"
771,37168,8,1,20210917,5068F,"[[34, 40], [81, 85], [86, 89], [90, 94]]"
772,37169,8,1,20210906,6361,"[[34, 40], [67, 89], [90, 94]]"
773,37169,8,1,20210907,6361,"[[34, 40], [67, 89], [90, 94]]"
774,37169,8,1,20210908,6361,"[[34, 40], [67, 89], [90, 94]]"
775,37169,8,1,20210909,6361,"[[34, 40], [67, 89], [90, 94]]"
776,37169,8,1,20210910,6361,"[[34, 40], [67, 89], [90, 94]]"
777,37169,8,1,20210913,6361,"[[34, 40], [67, 89], [90, 94]]"
778,37169,8,1,20210914,6361,"[[34, 40], [67, 89], [90, 94]]"
779,37169,8,1,20210915,6361,"[[34, 40], [67, 89], [90, 94]]"
780,37169,8,1,20210916,6361,"[[34, 40], [67, 89], [90, 94]]"
781,37169,8,1,20210917,6361,"[[34, 40], [67, 89], [90, 94]]"
782,37170,8,0,20210906,2765,"[[0, 31], [32, 37], [38, 44], [45, 49], [50, 92], [93, 99]]"
783,37170,8,0,20210907,2765,"[[0, 31], [32, 37], [38, 44], [45, 49], [50, 92], [93, 99]]"
784,37170,8,0,20210908,2765,"[[0, 31], [32, 37], [38, 44], [45, 49], [50, 92], [93, 99]]"
785,37170,8,0,20210909,2765,"[[0, 31], [32, 37], [38, 44], [45, 49], [50, 92], [93, 99]]"
786,37170,8,0,20210910,2765,"[[0, 31], [32, 37], [38, 44], [45, 49], [50, 92], [93, 99]]"
787,37170,8,0,20210913,2765,"[[0, 31], [32, 37], [38, 44], [45, 49], [50, 92], [93, 99]]"
788,37170,8,0,20210914,2765,"[[0, 31], [32, 37], [38, 44], [45, 49], [50, 92], [93, 99]]"
789,37170,8,0,20210915,2765,"[[0, 31], [32, 37], [38, 44], [45, 49], [50, 92], [93, 99]]"
790,37170,8,0,20210916,2765,"[[0, 31], [32, 37], [38, 44], [45, 49], [50, 92], [93, 99]]"
791,37170,8,0,20210917,2765,"[[0, 31], [32, 37], [38, 44], [45, 49], [50, 92], [93, 99]]"
792,37171,8,0,20210906,9972F,"[[0, 31], [32, 37], [38, 44], [45, 49], [50, 92], [93, 99]]"
793,37171,8,0,20210907,9972F,"[[0, 31], [32, 37], [38, 44], [45, 49], [50, 92], [93, 99]]"
794,37171,8,0,20210908,9972F,"[[0, 31], [32, 37], [38, 44], [45, 49], [50, 92], [93, 99]]"
795,37171,8,0,20210909,9972F,"[[0, 31], [32, 37], [38, 44], [45, 49], [50, 92], [93, 99]]"
796,37171,8,0,20210910,9972F,"[[0, 31], [32, 37], [38, 44], [45, 49], [50, 92], [93, 99]]"
797,37171,8,0,20210913,9972F,"[[0, 31], [32, 37], [38, 44], [45, 49], [50, 92], [93, 99]]"
798,37171,8,0,20210914,9972F,"[[0, 31], [32, 37], [38, 44], [45, 49], [50, 92], [93, 99]]"
799,37171,8,0,20210915,9972F,"[[0, 31], [32, 37], [38, 44], [45, 49], [50, 92], [93, 99]]"
800,37171,8,0,20210916,9972F,"[[0, 31], [32, 37], [38, 44], [45, 49], [50, 92], [93, 99]]"
801,37171,8,0,20210917,9972F,"[[0, 31], [32, 37], [38, 44], [45, 49], [50, 92], [93, 99]]"
802,37172,8,0,20210906,6314,"[[34, 40], [81, 85], [86, 88], [89, 94]]"
803,37172,8,0,20210907,6314,"[[34, 40], [81, 85], [86, 88], [89, 94]]"
804,37172,8,0,20210908,6314,"[[34, 40], [81, 85], [86, 88], [89, 94]]"
805,37172,8,0,20210909,6314,"[[34, 40], [81, 85], [86, 88], [89, 94]]"
806,37172,8,0,20210910,6314,"[[34, 40], [81, 85], [86, 88], [89, 94]]"
807,37172,8,0,20210913,6314,"[[34, 40], [81, 85], [86, 88], [89, 94]]"
808,37172,8,0,20210914,6314,"[[34, 40], [81, 85], [86, 88], [89, 94]]"
809,37172,8,0,20210915,6314,"[[34, 40], [81, 85], [86, 88], [89, 94]]"
810,37172,8,0,20210916,6314,"[[34, 40], [81, 85], [86, 88], [89, 94]]"
811,37172,8,0,20210917,6314,"[[34, 40], [81, 85], [86, 88], [89, 94]]"
812,37173,8,0,20210906,5016F,"[[34, 40], [67, 88], [89, 94]]"
813,37173,8,0,20210907,5016F,"[[34, 40], [67, 88], [89, 94]]"
814,37173,8,0,20210908,5016F,"[[34, 40], [67, 88], [89, 94]]"
815,37173,8,0,20210909,5016F,"[[34, 40], [67, 88], [89, 94]]"
816,37173,8,0,20210910,5016F,"[[34, 40], [67, 88], [89, 94]]"
817,37173,8,0,20210913,5016F,"[[34, 40], [67, 88], [89, 94]]"
818,37173,8,0,20210914,5016F,"[[34, 40], [67, 88], [89, 94]]"
819,37173,8,0,20210915,5016F,"[[34, 40], [67, 88], [89, 94]]"
820,37173,8,0,20210916,5016F,"[[34, 40], [67, 88], [89, 94]]"
821,37173,8,0,20210917,5016F,"[[34, 40], [67, 88], [89, 94]]"
822,37174,8,0,20210906,5018F,"[[34, 40], [67, 84], [85, 94]]"
823,37174,8,0,20210907,5018F,"[[34, 40], [67, 84], [85, 94]]"
824,37174,8,0,20210908,5018F,"[[34, 40], [67, 84], [85, 94]]"
825,37174,8,0,20210909,5018F,"[[34, 40], [67, 84], [85, 94]]"
826,37174,8,0,20210910,5018F,"[[34, 40], [67, 84], [85, 94]]"
827,37174,8,0,20210913,5018F,"[[34, 40], [67, 84], [85, 94]]"
828,37174,8,0,20210914,5018F,"[[34, 40], [67, 84], [85, 94]]"
829,37174,8,0,20210915,5018F,"[[34, 40], [67, 84], [85, 94]]"
830,37174,8,0,20210916,5018F,"[[34, 40], [67, 84], [85, 94]]"
831,37174,8,0,20210917,5018F,"[[34, 40], [67, 84], [85, 94]]"
832,37175,8,0,20210906,6428F,"[[0, 10], [34, 40], [67, 84], [85, 94]]"
833,37175,8,0,20210907,6428F,"[[0, 10], [34, 40], [67, 84], [85, 94]]"
834,37175,8,0,20210908,6428F,"[[0, 10], [34, 40], [67, 84], [85, 94]]"
835,37175,8,0,20210909,6428F,"[[0, 10], [34, 40], [67, 84], [85, 94]]"
836,37175,8,0,20210910,6428F,"[[0, 10], [34, 40], [67, 84], [85, 94]]"
837,37175,8,0,20210913,6428F,"[[0, 10], [34, 40], [67, 84], [85, 94]]"
838,37175,8,0,20210914,6428F,"[[0, 10], [34, 40], [67, 84], [85, 94]]"
839,37175,8,0,20210915,6428F,"[[0, 10], [34, 40], [67, 84], [85, 94]]"
840,37175,8,0,20210916,6428F,"[[0, 10], [34, 40], [67, 84], [85, 94]]"
841,37175,8,0,20210917,6428F,"[[0, 10], [34, 40], [67, 84], [85, 94]]"
842,37176,8,0,20210906,6162,"[[0, 10], [34, 40], [67, 84], [85, 94]]"
843,37176,8,0,20210907,6162,"[[0, 10], [34, 40], [67, 84], [85, 94]]"
844,37176,8,0,20210908,6162,"[[0, 10], [34, 40], [67, 84], [85, 94]]"
845,37176,8,0,20210909,6162,"[[0, 10], [34, 40], [67, 84], [85, 94]]"
846,37176,8,0,20210910,6162,"[[0, 10], [34, 40], [67, 84], [85, 94]]"
847,37176,8,0,20210913,6162,"[[0, 10], [34, 40], [67, 84], [85, 94]]"
848,37176,8,0,20210914,6162,"[[0, 10], [34, 40], [67, 84], [85, 94]]"
849,37176,8,0,20210915,6162,"[[0, 10], [34, 40], [67, 84], [85, 94]]"
850,37176,8,0,20210916,6162,"[[0, 10], [34, 40], [67, 84], [85, 94]]"
851,37176,8,0,20210917,6162,"[[0, 10], [34, 40], [67, 84], [85, 94]]"
852,37177,8,0,20210906,6078,"[[0, 10], [34, 40], [67, 84], [85, 94]]"
853,37177,8,0,20210907,6078,"[[0, 10], [34, 40], [67, 84], [85, 94]]"
854,37177,8,0,20210908,6078,"[[0, 10], [34, 40], [67, 84], [85, 94]]"
855,37177,8,0,20210909,6078,"[[0, 10], [34, 40], [67, 84], [85, 94]]"
856,37177,8,0,20210910,6078,"[[0, 10], [34, 40], [67, 84], [85, 94]]"
857,37177,8,0,20210913,6078,"[[0, 10], [34, 40], [67, 84], [85, 94]]"
858,37177,8,0,20210914,6078,"[[0, 10], [34, 40], [67, 84], [85, 94]]"
859,37177,8,0,20210915,6078,"[[0, 10], [34, 40], [67, 84], [85, 94]]"
860,37177,8,0,20210916,6078,"[[0, 10], [34, 40], [67, 84], [85, 94]]"
861,37177,8,0,20210917,6078,"[[0, 10], [34, 40], [67, 84], [85, 94]]"
862,37178,8,0,20210906,2336G,"[[0, 10], [34, 40], [67, 84], [85, 94]]"
863,37178,8,0,20210907,2336G,"[[0, 10], [34, 40], [67, 84], [85, 94]]"
864,37178,8,0,20210908,2336G,"[[0, 10], [34, 40], [67, 84], [85, 94]]"
865,37178,8,0,20210909,2336G,"[[0, 10], [34, 40], [67, 84], [85, 94]]"
866,37178,8,0,20210910,2336G,"[[0, 10], [34, 40], [67, 84], [85, 94]]"
867,37178,8,0,20210913,2336G,"[[0, 10], [34, 40], [67, 84], [85, 94]]"
868,37178,8,0,20210914,2336G,"[[0, 10], [34, 40], [67, 84], [85, 94]]"
869,37178,8,0,20210915,2336G,"[[0, 10], [34, 40], [67, 84], [85, 94]]"
870,37178,8,0,20210916,2336G,"[[0, 10], [34, 40], [67, 84], [85, 94]]"
871,37178,8,0,20210917,2336G,"[[0, 10], [34, 40], [67, 84], [85, 94]]"
872,37179,8,0,20210906,2334F,"[[0, 10], [34, 40], [67, 84], [85, 94]]"
873,37179,8,0,20210907,2334F,"[[0, 10], [34, 40], [67, 84], [85, 94]]"
874,37179,8,0,20210908,2334F,"[[0, 10], [34, 40], [67, 84], [85, 94]]"
875,37179,8,0,20210909,2334F,"[[0, 10], [34, 40], [67, 84], [85, 94]]"
876,37179,8,0,20210910,2334F,"[[0, 10], [34, 40], [67, 84], [85, 94]]"
877,37179,8,0,20210913,2334F,"[[0, 10], [34, 40], [67, 84], [85, 94]]"
878,37179,8,0,20210914,2334F,"[[0, 10], [34, 40], [67, 84], [85, 94]]"
879,37179,8,0,20210915,2334F,"[[0, 10], [34, 40], [67, 84], [85, 94]]"
880,37179,8,0,20210916,2334F,"[[0, 10], [34, 40], [67, 84], [85, 94]]"
881,37179,8,0,20210917,2334F,"[[0, 10], [34, 40], [67, 84], [85, 94]]"
882,37180,8,0,20210906,2404F,"[[34, 40], [67, 84], [85, 94]]"
883,37180,8,0,20210907,2404F,"[[34, 40], [67, 84], [85, 94]]"
884,37180,8,0,20210908,2404F,"[[34, 40], [67, 84], [85, 94]]"
885,37180,8,0,20210909,2404F,"[[34, 40], [67, 84], [85, 94]]"
886,37180,8,0,20210910,2404F,"[[34, 40], [67, 84], [85, 94]]"
887,37180,8,0,20210913,2404F,"[[34, 40], [67, 84], [85, 94]]"
888,37180,8,0,20210914,2404F,"[[34, 40], [67, 84], [85, 94]]"
889,37180,8,0,20210915,2404F,"[[34, 40], [67, 84], [85, 94]]"
890,37180,8,0,20210916,2404F,"[[34, 40], [67, 84], [85, 94]]"
891,37180,8,0,20210917,2404F,"[[34, 40], [67, 84], [85, 94]]"
892,37181,8,0,20210906,5115F,"[[34, 40], [67, 84], [85, 94]]"
893,37181,8,0,20210907,5115F,"[[34, 40], [67, 84], [85, 94]]"
894,37181,8,0,20210908,5115F,"[[34, 40], [67, 84], [85, 94]]"
895,37181,8,0,20210909,5115F,"[[34, 40], [67, 84], [85, 94]]"
896,37181,8,0,20210910,5115F,"[[34, 40], [67, 84], [85, 94]]"
897,37181,8,0,20210913,5115F,"[[34, 40], [67, 84], [85, 94]]"
898,37181,8,0,20210914,5115F,"[[34, 40], [67, 84], [85, 94]]"
899,37181,8,0,20210915,5115F,"[[34, 40], [67, 84], [85, 94]]"
900,37181,8,0,20210916,5115F,"[[34, 40], [67, 84], [85, 94]]"
901,37181,8,0,20210917,5115F,"[[34, 40], [67, 84], [85, 94]]"
902,37182,8,0,20210906,5116,"[[34, 40], [67, 84], [85, 94]]"
903,37182,8,0,20210907,5116,"[[34, 40], [67, 84], [85, 94]]"
904,37182,8,0,20210908,5116,"[[34, 40], [67, 84], [85, 94]]"
905,37182,8,0,20210909,5116,"[[34, 40], [67, 84], [85, 94]]"
906,37182,8,0,20210910,5116,"[[34, 40], [67, 84], [85, 94]]"
907,37182,8,0,20210913,5116,"[[34, 40], [67, 84], [85, 94]]"
908,37182,8,0,20210914,5116,"[[34, 40], [67, 84], [85, 94]]"
909,37182,8,0,20210915,5116,"[[34, 40], [67, 84], [85, 94]]"
910,37182,8,0,20210916,5116,"[[34, 40], [67, 84], [85, 94]]"
911,37182,8,0,20210917,5116,"[[34, 40], [67, 84], [85, 94]]"
912,37183,8,0,20210906,5123,"[[0, 18], [35, 41], [68, 85], [86, 95]]"
913,37183,8,0,20210907,5123,"[[0, 18], [35, 41], [68, 85], [86, 95]]"
914,37183,8,0,20210908,5123,"[[0, 18], [35, 41], [68, 85], [86, 95]]"
915,37183,8,0,20210909,5123,"[[0, 18], [35, 41], [68, 85], [86, 95]]"
916,37183,8,0,20210910,5123,"[[0, 18], [35, 41], [68, 85], [86, 95]]"
917,37183,8,0,20210913,5123,"[[0, 18], [35, 41], [68, 85], [86, 95]]"
918,37183,8,0,20210914,5123,"[[0, 18], [35, 41], [68, 85], [86, 95]]"
919,37183,8,0,20210915,5123,"[[0, 18], [35, 41], [68, 85], [86, 95]]"
920,37183,8,0,20210916,5123,"[[0, 18], [35, 41], [68, 85], [86, 95]]"
921,37183,8,0,20210917,5123,"[[0, 18], [35, 41], [68, 85], [86, 95]]"
922,37184,8,0,20210906,5120,"[[0, 18], [35, 41], [68, 85], [86, 95]]"
923,37184,8,0,20210907,5120,"[[0, 18], [35, 41], [68, 85], [86, 95]]"
924,37184,8,0,20210908,5120,"[[0, 18], [35, 41], [68, 85], [86, 95]]"
925,37184,8,0,20210909,5120,"[[0, 18], [35, 41], [68, 85], [86, 95]]"
926,37184,8,0,20210910,5120,"[[0, 18], [35, 41], [68, 85], [86, 95]]"
927,37184,8,0,20210913,5120,"[[0, 18], [35, 41], [68, 85], [86, 95]]"
928,37184,8,0,20210914,5120,"[[0, 18], [35, 41], [68, 85], [86, 95]]"
929,37184,8,0,20210915,5120,"[[0, 18], [35, 41], [68, 85], [86, 95]]"
930,37184,8,0,20210916,5120,"[[0, 18], [35, 41], [68, 85], [86, 95]]"
931,37184,8,0,20210917,5120,"[[0, 18], [35, 41], [68, 85], [86, 95]]"
932,37185,8,0,20210906,5119,"[[0, 18], [35, 41], [68, 85], [86, 95]]"
933,37185,8,0,20210907,5119,"[[0, 18], [35, 41], [68, 85], [86, 95]]"
934,37185,8,0,20210908,5119,"[[0, 18], [35, 41], [68, 85], [86, 95]]"
935,37185,8,0,20210909,5119,"[[0, 18], [35, 41], [68, 85], [86, 95]]"
936,37185,8,0,20210910,5119,"[[0, 18], [35, 41], [68, 85], [86, 95]]"
937,37185,8,0,20210913,5119,"[[0, 18], [35, 41], [68, 85], [86, 95]]"
938,37185,8,0,20210914,5119,"[[0, 18], [35, 41], [68, 85], [86, 95]]"
939,37185,8,0,20210915,5119,"[[0, 18], [35, 41], [68, 85], [86, 95]]"
940,37185,8,0,20210916,5119,"[[0, 18], [35, 41], [68, 85], [86, 95]]"
941,37185,8,0,20210917,5119,"[[0, 18], [35, 41], [68, 85], [86, 95]]"
942,37186,8,0,20210906,2603,"[[0, 18], [35, 41], [68, 85], [86, 95]]"
943,37186,8,0,20210907,2603,"[[0, 18], [35, 41], [68, 85], [86, 95]]"
944,37186,8,0,20210908,2603,"[[0, 18], [35, 41], [68, 85], [86, 95]]"
945,37186,8,0,20210909,2603,"[[0, 18], [35, 41], [68, 85], [86, 95]]"
946,37186,8,0,20210910,2603,"[[0, 18], [35, 41], [68, 85], [86, 95]]"
947,37186,8,0,20210913,2603,"[[0, 18], [35, 41], [68, 85], [86, 95]]"
948,37186,8,0,20210914,2603,"[[0, 18], [35, 41], [68, 85], [86, 95]]"
949,37186,8,0,20210915,2603,"[[0, 18], [35, 41], [68, 85], [86, 95]]"
950,37186,8,0,20210916,2603,"[[0, 18], [35, 41], [68, 85], [86, 95]]"
951,37186,8,0,20210917,2603,"[[0, 18], [35, 41], [68, 85], [86, 95]]"
952,37187,8,0,20210906,2604F,"[[0, 18], [35, 41], [68, 85], [86, 95]]"
953,37187,8,0,20210907,2604F,"[[0, 18], [35, 41], [68, 85], [86, 95]]"
954,37187,8,0,20210908,2604F,"[[0, 18], [35, 41], [68, 85], [86, 95]]"
955,37187,8,0,20210909,2604F,"[[0, 18], [35, 41], [68, 85], [86, 95]]"
956,37187,8,0,20210910,2604F,"[[0, 18], [35, 41], [68, 85], [86, 95]]"
957,37187,8,0,20210913,2604F,"[[0, 18], [35, 41], [68, 85], [86, 95]]"
958,37187,8,0,20210914,2604F,"[[0, 18], [35, 41], [68, 85], [86, 95]]"
959,37187,8,0,20210915,2604F,"[[0, 18], [35, 41], [68, 85], [86, 95]]"
960,37187,8,0,20210916,2604F,"[[0, 18], [35, 41], [68, 85], [86, 95]]"
961,37187,8,0,20210917,2604F,"[[0, 18], [35, 41], [68, 85], [86, 95]]"
962,37188,8,0,20210906,5121F,"[[0, 18], [35, 41], [68, 85], [86, 95]]"
963,37188,8,0,20210907,5121F,"[[0, 18], [35, 41], [68, 85], [86, 95]]"
964,37188,8,0,20210908,5121F,"[[0, 18], [35, 41], [68, 85], [86, 95]]"
965,37188,8,0,20210909,5121F,"[[0, 18], [35, 41], [68, 85], [86, 95]]"
966,37188,8,0,20210910,5121F,"[[0, 18], [35, 41], [68, 85], [86, 95]]"
967,37188,8,0,20210913,5121F,"[[0, 18], [35, 41], [68, 85], [86, 95]]"
968,37188,8,0,20210914,5121F,"[[0, 18], [35, 41], [68, 85], [86, 95]]"
969,37188,8,0,20210915,5121F,"[[0, 18], [35, 41], [68, 85], [86, 95]]"
970,37188,8,0,20210916,5121F,"[[0, 18], [35, 41], [68, 85], [86, 95]]"
971,37188,8,0,20210917,5121F,"[[0, 18], [35, 41], [68, 85], [86, 95]]"
972,37189,8,0,20210906,5719H,"[[34, 40], [67, 84], [85, 94]]"
973,37189,8,0,20210907,5719H,"[[34, 40], [67, 84], [85, 94]]"
974,37189,8,0,20210908,5719H,"[[34, 40], [67, 84], [85, 94]]"
975,37189,8,0,20210909,5719H,"[[34, 40], [67, 84], [85, 94]]"
976,37189,8,0,20210910,5719H,"[[34, 40], [67, 84], [85, 94]]"
977,37189,8,0,20210913,5719H,"[[34, 40], [67, 84], [85, 94]]"
978,37189,8,0,20210914,5719H,"[[34, 40], [67, 84], [85, 94]]"
979,37189,8,0,20210915,5719H,"[[34, 40], [67, 84], [85, 94]]"
980,37189,8,0,20210916,5719H,"[[34, 40], [67, 84], [85, 94]]"
981,37189,8,0,20210917,5719H,"[[34, 40], [67, 84], [85, 94]]"
982,37190,8,0,20210906,5720F,"[[34, 40], [67, 87], [88, 94]]"
983,37190,8,0,20210907,5720F,"[[34, 40], [67, 87], [88, 94]]"
984,37190,8,0,20210908,5720F,"[[34, 40], [67, 87], [88, 94]]"
985,37190,8,0,20210909,5720F,"[[34, 40], [67, 87], [88, 94]]"
986,37190,8,0,20210910,5720F,"[[34, 40], [67, 87], [88, 94]]"
987,37190,8,0,20210913,5720F,"[[34, 40], [67, 87], [88, 94]]"
988,37190,8,0,20210914,5720F,"[[34, 40], [67, 87], [88, 94]]"
989,37190,8,0,20210915,5720F,"[[34, 40], [67, 87], [88, 94]]"
990,37190,8,0,20210916,5720F,"[[34, 40], [67, 87], [88, 94]]"
991,37190,8,0,20210917,5720F,"[[34, 40], [67, 87], [88, 94]]"
992,37191,8,0,20210906,2608F,"[[34, 40], [67, 87], [88, 94]]"
993,37191,8,0,20210907,2608F,"[[34, 40], [67, 87], [88, 94]]"
994,37191,8,0,20210908,2608F,"[[34, 40], [67, 87], [88, 94]]"
995,37191,8,0,20210909,2608F,"[[34, 40], [67, 87], [88, 94]]"
996,37191,8,0,20210910,2608F,"[[34, 40], [67, 87], [88, 94]]"
997,37191,8,0,20210913,2608F,"[[34, 40], [67, 87], [88, 94]]"
998,37191,8,0,20210914,2608F,"[[34, 40], [67, 87], [88, 94]]"
999,37191,8,0,20210915,2608F,"[[34, 40], [67, 87], [88, 94]]"
1000,37191,8,0,20210916,2608F,"[[34, 40], [67, 87], [88, 94]]"
1001,37191,8,0,20210917,2608F,"[[34, 40], [67, 87], [88, 94]]"
1002,37192,8,0,20210906,5721G,"[[0, 17], [34, 40], [67, 87], [88, 94]]"
1003,37192,8,0,20210907,5721G,"[[0, 17], [34, 40], [67, 87], [88, 94]]"
1004,37192,8,0,20210908,5721G,"[[0, 17], [34, 40], [67, 87], [88, 94]]"
1005,37192,8,0,20210909,5721G,"[[0, 17], [34, 40], [67, 87], [88, 94]]"
1006,37192,8,0,20210910,5721G,"[[0, 17], [34, 40], [67, 87], [88, 94]]"
1007,37192,8,0,20210913,5721G,"[[0, 17], [34, 40], [67, 87], [88, 94]]"
1008,37192,8,0,20210914,5721G,"[[0, 17], [34, 40], [67, 87], [88, 94]]"
1009,37192,8,0,20210915,5721G,"[[0, 17], [34, 40], [67, 87], [88, 94]]"
1010,37192,8,0,20210916,5721G,"[[0, 17], [34, 40], [67, 87], [88, 94]]"
1011,37192,8,0,20210917,5721G,"[[0, 17], [34, 40], [67, 87], [88, 94]]"
1012,37193,8,0,20210906,5722F,"[[0, 17], [34, 40], [87, 93]]"
1013,37193,8,0,20210907,5722F,"[[0, 17], [34, 40], [87, 93]]"
1014,37193,8,0,20210908,5722F,"[[0, 17], [34, 40], [87, 93]]"
1015,37193,8,0,20210909,5722F,"[[0, 17], [34, 40], [87, 93]]"
1016,37193,8,0,20210910,5722F,"[[0, 17], [34, 40], [87, 93]]"
1017,37193,8,0,20210913,5722F,"[[0, 17], [34, 40], [87, 93]]"
1018,37193,8,0,20210914,5722F,"[[0, 17], [34, 40], [87, 93]]"
1019,37193,8,0,20210915,5722F,"[[0, 17], [34, 40], [87, 93]]"
1020,37193,8,0,20210916,5722F,"[[0, 17], [34, 40], [87, 93]]"
1021,37193,8,0,20210917,5722F,"[[0, 17], [34, 40], [87, 93]]"
1022,37194,8,0,20210906,5723G,"[[0, 17], [34, 40], [87, 93]]"
1023,37194,8,0,20210907,5723G,"[[0, 17], [34, 40], [87, 93]]"
1024,37194,8,0,20210908,5723G,"[[0, 17], [34, 40], [87, 93]]"
1025,37194,8,0,20210909,5723G,"[[0, 17], [34, 40], [87, 93]]"
1026,37194,8,0,20210910,5723G,"[[0, 17], [34, 40], [87, 93]]"
1027,37194,8,0,20210913,5723G,"[[0, 17], [34, 40], [87, 93]]"
1028,37194,8,0,20210914,5723G,"[[0, 17], [34, 40], [87, 93]]"
1029,37194,8,0,20210915,5723G,"[[0, 17], [34, 40], [87, 93]]"
1030,37194,8,0,20210916,5723G,"[[0, 17], [34, 40], [87, 93]]"
1031,37194,8,0,20210917,5723G,"[[0, 17], [34, 40], [87, 93]]"
1032,37196,8,1,20210911,2663G,"[[0, 24], [58, 76]]"
1033,37196,8,1,20210918,2663G,"[[0, 24], [58, 76]]"
1034,37197,8,1,20210911,2669F,"[[0, 24], [58, 71], [72, 76]]"
1035,37197,8,1,20210918,2669F,"[[0, 24], [58, 71], [72, 76]]"
1036,37198,8,1,20210911,2665F,"[[0, 24], [58, 71], [72, 76]]"
1037,37198,8,1,20210918,2665F,"[[0, 24], [58, 71], [72, 76]]"
1038,37199,8,1,20210911,5152G,"[[0, 24], [58, 71], [72, 76]]"
1039,37199,8,1,20210918,5152G,"[[0, 24], [58, 71], [72, 76]]"
1040,37200,8,1,20210911,5161F,"[[0, 24], [58, 71], [72, 76]]"
1041,37200,8,1,20210918,5161F,"[[0, 24], [58, 71], [72, 76]]"
1042,37201,8,1,20210911,2667F,"[[0, 24], [58, 71], [72, 76]]"
1043,37201,8,1,20210918,2667F,"[[0, 24], [58, 71], [72, 76]]"
1044,37202,8,1,20210911,2668,"[[0, 24], [58, 71], [72, 76]]"
1045,37202,8,1,20210918,2668,"[[0, 24], [58, 71], [72, 76]]"
1046,37203,8,1,20210911,5155,"[[0, 24], [58, 71], [72, 76]]"
1047,37203,8,1,20210918,5155,"[[0, 24], [58, 71], [72, 76]]"
1048,37204,8,1,20210911,5151,"[[0, 24], [58, 71], [72, 76]]"
1049,37204,8,1,20210918,5151,"[[0, 24], [58, 71], [72, 76]]"
1050,37205,8,1,20210911,5175,"[[0, 24], [58, 71], [72, 76]]"
1051,37205,8,1,20210918,5175,"[[0, 24], [58, 71], [72, 76]]"
1052,37206,8,1,20210911,5158,"[[0, 24], [58, 71], [72, 76]]"
1053,37206,8,1,20210918,5158,"[[0, 24], [58, 71], [72, 76]]"
1054,37207,8,1,20210911,2462F,"[[0, 24], [58, 71], [72, 76]]"
1055,37207,8,1,20210918,2462F,"[[0, 24], [58, 71], [72, 76]]"
1056,37208,8,1,20210911,2463F,"[[0, 24], [58, 71], [72, 76]]"
1057,37208,8,1,20210918,2463F,"[[0, 24], [58, 71], [72, 76]]"
1058,37209,8,1,20210911,2333F,"[[0, 24], [58, 71], [72, 76]]"
1059,37209,8,1,20210918,2333F,"[[0, 24], [58, 71], [72, 76]]"
1060,37210,8,1,20210911,6077F,"[[0, 24], [58, 71], [72, 76]]"
1061,37210,8,1,20210918,6077F,"[[0, 24], [58, 71], [72, 76]]"
1062,37211,8,1,20210911,6109,"[[0, 24], [58, 71], [72, 76]]"
1063,37211,8,1,20210918,6109,"[[0, 24], [58, 71], [72, 76]]"
1064,37212,8,1,20210911,6427F,"[[0, 24], [58, 71], [72, 76]]"
1065,37212,8,1,20210918,6427F,"[[0, 24], [58, 71], [72, 76]]"
1066,37213,8,1,20210911,6430F,"[[0, 24], [58, 71], [72, 76]]"
1067,37213,8,1,20210918,6430F,"[[0, 24], [58, 71], [72, 76]]"
1068,37214,8,1,20210911,5066F,"[[0, 24], [58, 71], [72, 76]]"
1069,37214,8,1,20210918,5066F,"[[0, 24], [58, 71], [72, 76]]"
1070,37215,8,1,20210911,5068F,"[[0, 24], [58, 71], [72, 76]]"
1071,37215,8,1,20210918,5068F,"[[0, 24], [58, 71], [72, 76]]"
1072,37216,8,1,20210911,6361,"[[0, 24], [58, 71], [72, 76]]"
1073,37216,8,1,20210918,6361,"[[0, 24], [58, 71], [72, 76]]"
1074,37217,8,0,20210911,6314,"[[0, 20], [59, 70], [71, 76]]"
1075,37217,8,0,20210918,6314,"[[0, 20], [59, 70], [71, 76]]"
1076,37218,8,0,20210911,5016F,"[[0, 20], [59, 60], [61, 65], [66, 70], [71, 76]]"
1077,37218,8,0,20210918,5016F,"[[0, 20], [59, 60], [61, 65], [66, 70], [71, 76]]"
1078,37219,8,0,20210911,5018F,"[[0, 20], [59, 60], [61, 65], [66, 76]]"
1079,37219,8,0,20210918,5018F,"[[0, 20], [59, 60], [61, 65], [66, 76]]"
1080,37220,8,0,20210911,6428F,"[[0, 20], [59, 60], [61, 65], [66, 76]]"
1081,37220,8,0,20210918,6428F,"[[0, 20], [59, 60], [61, 65], [66, 76]]"
1082,37221,8,0,20210911,6162,"[[0, 20], [59, 66], [67, 76]]"
1083,37221,8,0,20210918,6162,"[[0, 20], [59, 66], [67, 76]]"
1084,37222,8,0,20210911,6078,"[[0, 20], [59, 66], [67, 76]]"
1085,37222,8,0,20210918,6078,"[[0, 20], [59, 66], [67, 76]]"
1086,37223,8,0,20210911,2336G,"[[0, 24], [58, 66], [67, 76]]"
1087,37223,8,0,20210918,2336G,"[[0, 24], [58, 66], [67, 76]]"
1088,37224,8,0,20210911,2334F,"[[0, 24], [58, 66], [67, 76]]"
1089,37224,8,0,20210918,2334F,"[[0, 24], [58, 66], [67, 76]]"
1090,37225,8,0,20210911,2404F,"[[0, 24], [58, 63], [64, 66], [67, 76]]"
1091,37225,8,0,20210918,2404F,"[[0, 24], [58, 63], [64, 66], [67, 76]]"
1092,37226,8,0,20210911,5115F,"[[0, 24], [58, 63], [64, 66], [67, 76]]"
1093,37226,8,0,20210918,5115F,"[[0, 24], [58, 63], [64, 66], [67, 76]]"
1094,37227,8,0,20210911,5116,"[[0, 24], [58, 63], [64, 66], [67, 76]]"
1095,37227,8,0,20210918,5116,"[[0, 24], [58, 63], [64, 66], [67, 76]]"
1096,37228,8,0,20210911,5123,"[[0, 24], [58, 63], [64, 66], [67, 76]]"
1097,37228,8,0,20210918,5123,"[[0, 24], [58, 63], [64, 66], [67, 76]]"
1098,37229,8,0,20210911,5120,"[[0, 24], [58, 63], [64, 66], [67, 76]]"
1099,37229,8,0,20210918,5120,"[[0, 24], [58, 63], [64, 66], [67, 76]]"
1100,37230,8,0,20210911,5119,"[[0, 24], [58, 63], [64, 66], [67, 76]]"
1101,37230,8,0,20210918,5119,"[[0, 24], [58, 63], [64, 66], [67, 76]]"
1102,37231,8,0,20210911,2603,"[[0, 24], [58, 63], [64, 66], [67, 76]]"
1103,37231,8,0,20210918,2603,"[[0, 24], [58, 63], [64, 66], [67, 76]]"
1104,37232,8,0,20210911,2604F,"[[0, 24], [58, 63], [64, 66], [67, 76]]"
1105,37232,8,0,20210918,2604F,"[[0, 24], [58, 63], [64, 66], [67, 76]]"
1106,37233,8,0,20210911,5121F,"[[0, 24], [58, 63], [64, 66], [67, 76]]"
1107,37233,8,0,20210918,5121F,"[[0, 24], [58, 63], [64, 66], [67, 76]]"
1108,37234,8,0,20210911,5719H,"[[0, 24], [58, 63], [64, 66], [67, 76]]"
1109,37234,8,0,20210918,5719H,"[[0, 24], [58, 63], [64, 66], [67, 76]]"
1110,37235,8,0,20210911,5720F,"[[0, 24], [58, 63], [64, 69], [70, 76]]"
1111,37235,8,0,20210918,5720F,"[[0, 24], [58, 63], [64, 69], [70, 76]]"
1112,37236,8,0,20210911,2608F,"[[0, 24], [58, 63], [64, 69], [70, 76]]"
1113,37236,8,0,20210918,2608F,"[[0, 24], [58, 63], [64, 69], [70, 76]]"
1114,37237,8,0,20210911,5721G,"[[0, 24], [58, 63], [64, 69], [70, 76]]"
1115,37237,8,0,20210918,5721G,"[[0, 24], [58, 63], [64, 69], [70, 76]]"
1116,37238,8,0,20210911,5722F,"[[0, 27], [58, 63], [64, 69], [70, 76]]"
1117,37238,8,0,20210918,5722F,"[[0, 27], [58, 63], [64, 69], [70, 76]]"
1118,37239,8,0,20210911,5723G,"[[0, 27], [58, 63], [64, 69], [70, 76]]"
1119,37239,8,0,20210918,5723G,"[[0, 27], [58, 63], [64, 69], [70, 76]]"
1120,37240,8,0,20210911,5916F,"[[0, 34], [64, 70], [71, 76], [77, 83]]"
1121,37240,8,0,20210918,5916F,"[[0, 32], [62, 68], [69, 74], [75, 81]]"
1122,37241,8,0,20210911,5917F,"[[0, 34], [64, 70], [71, 76], [77, 83]]"
1123,37241,8,0,20210918,5917F,"[[0, 32], [62, 68], [69, 74], [75, 81]]"
1124,37242,8,0,20210911,1985G,"[[0, 31], [64, 70], [71, 76], [77, 83]]"
1125,37242,8,0,20210918,1985G,"[[0, 29], [62, 68], [69, 74], [75, 81]]"
1126,37243,8,0,20210911,2764G,"[[0, 31], [64, 70], [71, 76], [77, 83]]"
1127,37243,8,0,20210918,2764G,"[[0, 29], [62, 68], [69, 74], [75, 81]]"
1128,37244,8,0,20210911,2765,"[[0, 29], [62, 68], [69, 74], [75, 81]]"
1129,37244,8,0,20210918,2765,"[[0, 29], [62, 68], [69, 74], [75, 81]]"
1130,37245,8,0,20210911,9972F,"[[0, 29], [62, 68], [69, 74], [75, 81]]"
1131,37245,8,0,20210918,9972F,"[[0, 29], [62, 68], [69, 74], [75, 81]]"
1132,37246,8,1,20210911,2708G,"[[0, 20], [54, 83]]"
1133,37246,8,1,20210918,2708G,"[[0, 20], [54, 82]]"
1134,37247,8,1,20210911,2709F,"[[0, 20], [54, 83]]"
1135,37247,8,1,20210918,2709F,"[[0, 20], [54, 82]]"
1136,37248,8,1,20210911,2710G,"[[0, 20], [54, 83]]"
1137,37248,8,1,20210918,2710G,"[[0, 20], [54, 82]]"
1138,37249,8,1,20210911,1984G,"[[0, 20], [54, 83]]"
1139,37249,8,1,20210918,1984G,"[[0, 20], [54, 82]]"
1140,37250,8,1,20210911,5952F,"[[0, 20], [54, 83]]"
1141,37250,8,1,20210918,5952F,"[[0, 20], [54, 82]]"
1142,37251,8,1,20210911,5953F,"[[0, 20], [54, 83]]"
1143,37251,8,1,20210918,5953F,"[[0, 20], [54, 82]]"
1144,37252,8,1,20210911,1258G,"[[0, 20], [54, 72]]"
1145,37252,8,1,20210918,1258G,"[[0, 20], [54, 72]]"
1146,37253,8,1,20210911,5756F,"[[0, 20], [54, 72]]"
1147,37253,8,1,20210918,5756F,"[[0, 20], [54, 72]]"
1148,37254,8,0,20210911,5921G,"[[0, 6]]"
1149,37254,8,0,20210918,5921G,"[[0, 4]]"
1150,37255,8,1,20210911,5920H,"[[0, 10]]"
1151,37255,8,1,20210918,5920H,"[[0, 9]]"
1152,37256,8,1,20210912,1258G,"[[0, 3], [4, 8], [9, 17], [18, 53], [61, 65]]"
1153,37257,8,1,20210912,5756F,"[[0, 3], [4, 8], [9, 17], [18, 53], [61, 65]]"
1154,37258,8,1,20210912,2663G,"[[0, 6], [7, 11], [12, 20], [21, 56], [64, 68]]"
1155,37259,8,1,20210912,2669F,"[[0, 6], [7, 11], [12, 20], [21, 56]]"
1156,37260,8,1,20210912,2665F,"[[0, 6], [7, 11], [12, 20], [21, 56]]"
1157,37261,8,1,20210912,5152G,"[[0, 12], [21, 56]]"
1158,37262,8,1,20210912,5161F,"[[0, 12], [21, 56]]"
1159,37263,8,1,20210912,2667F,"[[0, 12], [21, 56]]"
1160,37264,8,1,20210912,2668,"[[0, 12], [21, 56]]"
1161,37265,8,1,20210912,5155,"[[0, 12], [21, 56]]"
1162,37266,8,1,20210912,5151,"[[0, 12], [21, 56]]"
1163,37267,8,1,20210912,5175,"[[0, 12], [21, 56]]"
1164,37268,8,1,20210912,5158,"[[0, 12], [21, 56]]"
1165,37269,8,1,20210912,2462F,"[[0, 12], [21, 56]]"
1166,37270,8,1,20210912,2463F,"[[0, 12], [21, 56]]"
1167,37271,8,1,20210912,2333F,"[[0, 12], [21, 56]]"
1168,37272,8,1,20210912,6077F,"[[0, 12], [21, 56]]"
1169,37273,8,1,20210912,6109,"[[0, 12], [21, 56]]"
1170,37274,8,1,20210912,6427F,"[[0, 56]]"
1171,37275,8,1,20210912,6430F,"[[0, 56]]"
1172,37276,8,1,20210912,5066F,"[[0, 56]]"
1173,37277,8,1,20210912,5068F,"[[0, 56]]"
1174,37278,8,1,20210912,6361,"[[0, 56]]"
1175,37279,8,0,20210912,6314,"[[0, 4], [5, 9], [10, 20]]"
1176,37280,8,0,20210912,5016F,"[[0, 4], [5, 9], [10, 20]]"
1177,37281,8,0,20210912,5018F,"[[0, 4], [5, 9], [10, 20]]"
1178,37282,8,0,20210912,6428F,"[[0, 4], [5, 9], [10, 20]]"
1179,37283,8,0,20210912,6162,"[[0, 4], [5, 9], [10, 20], [57, 68]]"
1180,37284,8,0,20210912,6078,"[[0, 4], [5, 9], [10, 20], [57, 68]]"
1181,37285,8,0,20210912,2336G,"[[0, 4], [5, 9], [10, 20], [57, 68]]"
1182,37286,8,0,20210912,2334F,"[[0, 4], [5, 9], [10, 20], [57, 68]]"
1183,37287,8,0,20210912,2404F,"[[0, 4], [5, 9], [10, 20], [57, 68]]"
1184,37288,8,0,20210912,5115F,"[[0, 4], [5, 9], [10, 20], [57, 68]]"
1185,37289,8,0,20210912,5116,"[[0, 4], [5, 9], [10, 20], [57, 68]]"
1186,37290,8,0,20210912,5123,"[[0, 4], [5, 9], [10, 20], [57, 68]]"
1187,37291,8,0,20210912,5120,"[[0, 4], [5, 9], [10, 20], [57, 68]]"
1188,37292,8,0,20210912,5119,"[[0, 4], [5, 9], [10, 20], [57, 68]]"
1189,37293,8,0,20210912,2603,"[[0, 4], [5, 9], [10, 20], [57, 68]]"
1190,37294,8,0,20210912,2604F,"[[0, 4], [5, 9], [10, 20], [57, 68]]"
1191,37295,8,0,20210912,5121F,"[[0, 4], [5, 9], [10, 20], [57, 68]]"
1192,37296,8,0,20210912,5719H,"[[0, 4], [5, 9], [10, 20], [57, 68]]"
1193,37297,8,0,20210912,5720F,"[[0, 4], [5, 9], [10, 20], [57, 61]]"
1194,37298,8,0,20210912,2608F,"[[0, 4], [5, 9], [10, 20], [57, 61]]"
1195,37299,8,0,20210912,5721G,"[[0, 20], [57, 61]]"
1196,37300,8,0,20210912,5722F,"[[0, 20], [57, 61]]"
1197,37301,8,0,20210912,5723G,"[[0, 20], [57, 61]]"
1198,37302,8,0,20210912,2765,"[[0, 24], [61, 65]]"
1199,37303,8,0,20210912,9972F,"[[0, 24], [61, 65]]"
